S.No,"PID-1,procnto-smp-instr","PID-16386,bmetrics_service","PID-12291,slogger2","PID-774148,surfaceflinger","PID-32773,smmu_service","PID-20486,devc-quipv3","PID-20487,secpolgenerate","PID-28681,qcpe_qhee","PID-28682,watchdog","PID-28683,memorydump","PID-28684,syscache_service","PID-28685,pil_service","PID-40974,spi_service","PID-733199,dlt-qnx-system","PID-32784,qcpe_service","PID-32785,qcgpio","PID-32786,qcore","PID-36883,on","PID-36884,devc-pty","PID-36885,ksh","PID-40982,i2c_service","PID-40983,slm","PID-40984,diag_service","PID-40985,pipe","PID-40986,fastrpc","PID-40987,io-pkt-v6-hc","PID-40988,hab","PID-40989,wfd_server","PID-40990,openwfd_telltale","PID-40991,wfd_be","PID-40992,screen","PID-40993,ssplash","PID-40994,kgsl","PID-40995,gsl_hab_server","PID-778276,systemui","PID-40997,mq","PID-40998,audio_service","PID-778279,settings","PID-41000,videoCore","PID-778281,kitchensink","PID-41002,hyp_video_be","PID-41003,devb-ufs-qualcomm","PID-778284,hvac","PID-41005,slm","PID-53294,vmf","PID-430127,io-audio","PID-53296,res_mon","PID-167985,qseecom_daemon","PID-61490,random","PID-127027,qseecom_service","PID-200756,km_be","PID-225333,qvb_service","PID-254006,vmm_service","PID-323639,pps","PID-254008,diag_lsm_serversocket","PID-274489,vmm_lifecycle","PID-282682,qvm","PID-626747,dumper","PID-352316,ssr_service","PID-380989,cdsp_service","PID-401470,prng_service","PID-380991,life_cycle_man_demo","PID-401472,fde_be","PID-778305,carlauncher","PID-438338,npu_service","PID-467011,dlt-daemon","PID-512068,qconn","PID-782405,mapsplaceholder","PID-507974,inetd","PID-491591,syslogd","PID-680008,on","PID-524361,io_service","PID-581706,vm_ssr_be","PID-581708,dcvs_service","PID-688205,tool_policy_manager","PID-794632,slog2info"
0,6,3,11,1,69,6,10,11,6,11,5,7,8,1,7,6,45,1,67,1,7,4,28,4,12,31,158,21,4,4,15,1,14,1,1,4,18,1,20,1,2,114,1,4,2,8,2,1,4,5,6,3,11,5,1,4,44,4,3,5,3,3,2,1,5,1,3,1,1,3,1,15,3,7,4,1
1,6,3,11,1,69,6,10,11,6,11,5,7,8,1,7,6,45,1,67,1,7,4,28,4,12,31,158,21,4,4,15,1,14,1,1,4,18,1,20,1,2,114,1,4,2,8,2,1,4,5,6,3,11,5,1,4,44,4,3,5,3,3,2,1,5,1,3,1,1,3,1,15,3,7,4,1
2,6,3,11,1,69,6,10,11,6,11,5,7,8,1,7,6,45,1,67,1,7,4,28,4,12,31,158,21,4,4,15,1,14,1,1,4,18,1,20,1,2,114,1,4,2,8,2,1,4,5,6,3,11,5,1,4,44,4,3,5,3,3,2,1,5,1,3,1,1,3,1,15,3,7,4,1
3,6,3,11,1,69,6,10,11,6,11,5,7,8,1,7,6,45,1,67,1,7,4,28,4,12,31,158,21,4,4,15,1,14,1,1,4,18,1,20,1,2,114,1,4,2,8,2,1,4,5,6,3,11,5,1,4,44,4,3,5,3,3,2,1,5,1,3,1,1,3,1,15,3,7,4,1
4,6,3,11,1,69,6,10,11,6,11,5,7,8,1,7,6,45,1,67,1,7,4,28,4,12,31,158,21,4,4,15,1,14,1,1,4,18,1,20,1,2,114,1,4,2,8,2,1,4,5,6,3,11,5,1,4,44,4,3,5,3,3,2,1,5,1,3,1,1,3,1,15,3,7,4,1
5,6,3,11,1,69,6,10,11,6,11,5,7,8,1,7,6,45,1,67,1,7,4,28,4,12,31,158,21,4,4,15,1,14,1,1,4,18,1,20,1,2,114,1,4,2,8,2,1,4,5,6,3,11,5,1,4,44,4,3,5,3,3,2,1,5,1,3,1,1,3,1,15,3,7,4,1
6,6,3,11,1,69,6,10,11,6,11,5,7,8,1,7,6,45,1,67,1,7,4,28,4,12,31,158,21,4,4,15,1,14,1,1,4,18,1,20,1,2,114,1,4,2,8,2,1,4,5,6,3,11,5,1,4,44,4,3,5,3,3,2,1,5,1,3,1,1,3,1,15,3,7,4,1
7,6,3,11,1,69,6,10,11,6,11,5,7,8,1,7,6,45,1,67,1,7,4,28,4,12,31,158,21,4,4,15,1,14,1,1,4,18,1,20,1,2,114,1,4,2,8,2,1,4,5,6,3,11,5,1,4,44,4,3,5,3,3,2,1,5,1,3,1,1,3,1,15,3,7,4,1
8,6,3,11,1,69,6,10,11,6,11,5,7,8,1,7,6,45,1,67,1,7,4,28,4,12,31,158,21,4,4,15,1,14,1,1,4,18,1,20,1,2,114,1,4,2,8,2,1,4,5,6,3,11,5,1,4,44,4,3,5,3,3,2,1,5,1,3,1,1,3,1,15,3,7,4,1
9,6,3,11,1,69,6,10,11,6,11,5,7,8,1,7,6,45,1,67,1,7,4,28,4,12,31,158,21,4,4,15,1,14,1,1,4,18,1,20,1,2,114,1,4,2,8,2,1,4,5,6,3,11,5,1,4,44,4,3,5,3,3,2,1,5,1,3,1,1,3,1,15,3,7,4,1
10,6,3,11,1,69,6,10,11,6,11,5,7,8,1,7,6,45,1,67,1,7,4,28,4,12,31,158,21,4,4,15,1,14,1,1,4,18,1,20,1,2,114,1,4,2,8,2,1,4,5,6,3,11,5,1,4,44,4,3,5,3,3,2,1,5,1,3,1,1,3,1,15,3,7,4,1
11,6,3,11,1,69,6,10,11,6,11,5,7,8,1,7,6,45,1,67,1,7,4,28,4,12,31,158,21,4,4,15,1,14,1,1,4,18,1,20,1,2,114,1,4,2,8,2,1,4,5,6,3,11,5,1,4,44,4,3,5,3,3,2,1,5,1,3,1,1,3,1,15,3,7,4,1
12,6,3,11,1,69,6,10,11,6,11,5,7,8,1,7,6,45,1,67,1,7,4,28,4,12,31,158,21,4,4,15,1,14,1,1,4,18,1,20,1,2,114,1,4,2,8,2,1,4,5,6,3,11,5,1,4,44,4,3,5,3,3,2,1,5,1,3,1,1,3,1,15,3,7,4,1
13,6,3,11,1,69,6,10,11,6,11,5,7,8,1,7,6,45,1,67,1,7,4,28,4,12,31,158,21,4,4,15,1,14,1,1,4,18,1,20,1,2,114,1,4,2,8,2,1,4,5,6,3,11,5,1,4,44,4,3,5,3,3,2,1,5,1,3,1,1,3,1,15,3,7,4,1
14,6,3,11,1,69,6,10,11,6,11,5,7,8,1,7,6,45,1,67,1,7,4,28,4,12,31,158,21,4,4,15,1,14,1,1,4,18,1,20,1,2,114,1,4,2,8,2,1,4,5,6,3,11,5,1,4,44,4,3,5,3,3,2,1,5,1,3,1,1,3,1,15,3,7,4,1
15,6,3,11,1,69,6,10,11,6,11,5,7,8,1,7,6,45,1,67,1,7,4,28,4,12,31,158,21,4,4,15,1,14,1,1,4,18,0,20,1,2,114,1,4,2,8,2,1,4,5,6,3,11,5,1,4,44,4,3,5,3,3,2,1,5,1,3,1,1,3,1,15,3,7,4,1
16,6,3,11,1,69,6,10,11,6,11,5,7,8,1,7,6,45,1,67,1,7,4,28,4,12,31,158,21,4,4,15,1,14,1,1,4,18,0,20,1,2,114,1,4,2,8,2,1,4,5,6,3,11,5,1,4,44,4,3,5,3,3,2,1,5,1,3,1,1,3,1,15,3,7,4,1
17,6,3,11,1,69,6,10,11,6,11,5,7,8,1,7,6,45,1,67,1,7,4,28,4,12,31,158,21,4,4,15,1,14,1,1,4,18,0,20,1,2,114,1,4,2,8,2,1,4,5,6,3,11,5,1,4,44,4,3,5,3,3,2,1,5,1,3,1,1,3,1,15,3,7,4,1
18,6,3,11,1,69,6,10,11,6,11,5,7,8,1,7,6,45,1,67,1,7,4,28,4,12,31,158,21,4,4,15,1,14,1,1,4,18,0,20,1,2,114,1,4,2,8,2,1,4,5,6,3,11,5,1,4,44,4,3,5,3,3,2,1,5,1,3,1,1,3,1,15,3,7,4,1
19,6,3,11,1,69,6,10,11,6,11,5,7,8,1,7,6,45,1,67,1,7,4,28,4,12,31,158,21,4,4,15,1,14,1,1,4,18,0,20,1,2,114,1,4,2,8,2,1,4,5,6,3,11,5,1,4,44,4,3,5,3,3,2,1,5,1,3,1,1,3,1,15,3,7,4,1
20,6,3,11,1,69,6,10,11,6,11,5,7,8,1,7,6,45,1,67,1,7,4,28,4,12,31,158,21,4,4,15,1,14,1,1,4,18,0,20,1,2,114,1,4,2,8,2,1,4,5,6,3,11,5,1,4,44,4,3,5,3,3,2,1,5,1,3,1,1,3,1,15,3,7,4,1
21,6,3,11,1,69,6,10,11,6,11,5,7,8,1,7,6,45,1,67,1,7,4,28,4,12,31,158,21,4,4,15,1,14,1,1,4,18,0,20,1,2,114,1,4,2,8,2,1,4,5,6,3,11,5,1,4,44,4,3,5,3,3,2,1,5,1,3,1,1,3,1,15,3,7,4,1
22,6,3,11,1,69,6,10,11,6,11,5,7,8,1,7,6,45,1,67,1,7,4,28,4,12,31,158,21,4,4,15,1,14,1,1,4,18,0,20,1,2,114,1,4,2,8,2,1,4,5,6,3,11,5,1,4,44,4,3,5,3,3,2,1,5,1,3,1,1,3,1,15,3,7,4,1
23,6,3,11,1,69,6,10,11,6,11,5,7,8,1,7,6,45,1,67,1,7,4,28,4,12,31,158,21,4,4,15,1,14,1,1,4,18,0,20,1,2,114,1,4,2,8,2,1,4,5,6,3,11,5,1,4,44,4,3,5,3,3,2,1,5,1,3,1,1,3,1,15,3,7,4,1
24,6,3,11,1,69,6,10,11,6,11,5,7,8,1,7,6,45,1,67,1,7,4,28,4,12,31,158,21,4,4,15,1,14,1,1,4,18,0,20,1,2,114,1,4,2,8,2,1,4,5,6,3,11,5,1,4,44,4,3,5,3,3,2,1,5,1,3,1,1,3,1,15,3,7,4,1
25,6,3,11,1,69,6,10,11,6,11,5,7,8,1,7,6,45,1,67,1,7,4,28,4,12,31,158,21,4,4,15,1,14,1,1,4,18,0,20,1,2,114,1,4,2,8,2,1,4,5,6,3,11,5,1,4,44,4,3,5,3,3,2,1,5,1,3,1,1,3,1,15,3,7,4,1
26,6,3,11,1,69,6,10,11,6,11,5,7,8,1,7,6,45,1,67,1,7,4,28,4,12,31,158,21,4,4,15,1,14,1,1,4,18,0,20,1,2,114,1,4,2,8,2,1,4,5,6,3,11,5,1,4,44,4,3,5,3,3,2,1,5,1,3,1,1,3,1,15,3,7,4,1
27,6,3,11,1,69,6,10,11,6,11,5,7,8,1,7,6,45,1,67,1,7,4,28,4,12,31,158,21,4,4,15,1,14,1,1,4,18,0,20,1,2,114,1,4,2,8,2,1,4,5,6,3,11,5,1,4,44,4,3,5,3,3,2,1,5,1,3,1,1,3,1,15,3,7,4,1
28,6,3,11,1,69,6,10,11,6,11,5,7,8,1,7,6,45,1,67,1,7,4,28,4,12,31,158,21,4,4,15,1,14,1,1,4,18,0,20,1,2,114,1,4,2,8,2,1,4,5,6,3,11,5,1,4,44,4,3,5,3,3,2,1,5,1,3,1,1,3,1,15,3,7,4,1
29,6,3,11,1,69,6,10,11,6,11,5,7,8,1,7,6,45,1,67,1,7,4,28,4,12,31,158,21,4,4,15,1,14,1,1,4,18,0,20,1,2,114,1,4,2,8,2,1,4,5,6,3,11,5,1,4,44,4,3,5,3,3,2,1,5,1,3,1,1,3,1,15,3,7,4,1
30,6,3,11,1,69,6,10,11,6,11,5,7,8,1,7,6,45,1,67,1,7,4,28,4,12,31,158,21,4,4,15,1,14,1,1,4,18,0,20,1,2,114,1,4,2,8,2,1,4,5,6,3,11,5,1,4,44,4,3,5,3,3,2,1,5,1,3,1,1,3,1,15,3,7,4,1
31,6,3,11,1,69,6,10,11,6,11,5,7,8,1,7,6,45,1,67,1,7,4,28,4,12,31,158,21,4,4,15,1,14,1,1,4,18,0,20,1,2,114,1,4,2,8,2,1,4,5,6,3,11,5,1,4,44,4,3,5,3,3,2,1,5,1,3,1,1,3,1,15,3,7,4,1
32,6,3,11,1,69,6,10,11,6,11,5,7,8,1,7,6,45,1,67,1,7,4,28,4,12,31,158,21,4,4,15,1,14,1,1,4,18,0,20,1,2,114,1,4,2,8,2,1,4,5,6,3,11,5,1,4,44,4,3,5,3,3,2,1,5,1,3,1,1,3,1,15,3,7,4,1
33,6,3,11,1,69,6,10,11,6,11,5,7,8,1,7,6,45,1,67,1,7,4,28,4,12,31,158,21,4,4,15,1,14,1,1,4,18,0,20,1,2,114,1,4,2,8,2,1,4,5,6,3,11,5,1,4,44,4,3,5,3,3,2,1,5,1,3,1,1,3,1,15,3,7,4,1
34,6,3,11,1,69,6,10,11,6,11,5,7,8,1,7,6,45,1,67,1,7,4,28,4,12,31,158,21,4,4,15,1,14,1,1,4,18,0,20,1,2,114,1,4,2,8,2,1,4,5,6,3,11,5,1,4,44,4,3,5,3,3,2,1,5,1,3,1,1,3,1,15,3,7,4,1
35,6,3,11,1,69,6,10,11,6,11,5,7,8,1,7,6,45,1,67,1,7,4,28,4,12,31,158,21,4,4,15,1,14,1,1,4,18,0,20,1,2,114,1,4,2,8,2,1,4,5,6,3,11,5,1,4,44,4,3,5,3,3,2,1,5,1,3,1,1,3,1,15,3,7,4,1
36,6,3,11,1,69,6,10,11,6,11,5,7,8,1,7,6,45,1,67,1,7,4,28,4,12,31,158,21,4,4,15,1,14,1,1,4,18,0,20,1,2,114,1,4,2,8,2,1,4,5,6,3,11,5,1,4,44,4,3,5,3,3,2,1,5,1,3,1,1,3,1,15,3,7,4,1
37,6,3,11,1,69,6,10,11,6,11,5,7,8,1,7,6,45,1,67,1,7,4,28,4,12,31,158,21,4,4,15,1,14,1,1,4,18,0,20,1,2,114,1,4,2,8,2,1,4,5,6,3,11,5,1,4,44,4,3,5,3,3,2,1,5,1,3,1,1,3,1,15,3,7,4,1
38,6,3,11,1,69,6,10,11,6,11,5,7,8,1,7,6,45,1,67,1,7,4,28,4,12,31,158,21,4,4,15,1,14,1,1,4,18,0,20,1,2,114,1,4,2,8,2,1,4,5,6,3,11,5,1,4,44,4,3,5,3,3,2,1,5,1,3,1,1,3,1,15,3,7,4,1
39,6,3,11,1,69,6,10,11,6,11,5,7,8,1,7,6,45,1,67,1,7,4,28,4,12,31,158,21,4,4,15,1,14,1,1,4,18,0,20,1,2,114,1,4,2,8,2,1,4,5,6,3,11,5,1,4,44,4,3,5,3,3,2,1,5,1,3,1,1,3,1,15,3,7,4,1
40,6,3,11,1,69,6,10,11,6,11,5,7,8,1,7,6,45,1,67,1,7,4,28,4,12,31,158,21,4,4,15,1,14,1,1,4,18,0,20,1,2,114,1,4,2,8,2,1,4,5,6,3,11,5,1,4,44,4,3,5,3,3,2,1,5,1,3,1,1,3,1,15,3,7,4,1
41,6,3,11,1,69,6,10,11,6,11,5,7,8,1,7,6,45,1,67,1,7,4,28,4,12,31,158,21,4,4,15,1,14,1,1,4,18,0,20,1,2,114,1,4,2,8,2,1,4,5,6,3,11,5,1,4,44,4,3,5,3,3,2,1,5,1,3,1,1,3,1,15,3,7,4,1
42,6,3,11,1,69,6,10,11,6,11,5,7,8,1,7,6,45,1,67,1,7,4,28,4,12,31,158,21,4,4,15,1,14,1,1,4,18,0,20,1,2,114,1,4,2,8,2,1,4,5,6,3,11,5,1,4,44,4,3,5,3,3,2,1,5,1,3,1,1,3,1,15,3,7,4,1
43,6,3,11,1,69,6,10,11,6,11,5,7,8,1,7,6,45,1,67,1,7,4,28,4,12,31,158,21,4,4,15,1,14,1,1,4,18,0,20,1,2,114,1,4,2,8,2,1,4,5,6,3,11,5,1,4,44,4,3,5,3,3,2,1,5,1,3,1,1,3,1,15,3,7,4,1
44,6,3,11,1,69,6,10,11,6,11,5,7,8,1,7,6,45,1,67,1,7,4,28,4,12,31,158,21,4,4,15,1,14,1,1,4,18,0,20,1,2,114,1,4,2,8,2,1,4,5,6,3,11,5,1,4,44,4,3,5,3,3,2,1,5,1,3,1,1,3,1,15,3,7,4,1
45,6,3,11,1,69,6,10,11,6,11,5,7,8,1,7,6,45,1,67,1,7,4,28,4,12,31,158,21,4,4,15,1,14,1,1,4,18,0,20,1,2,114,1,4,2,8,2,1,4,5,6,3,11,5,1,4,44,4,3,5,3,3,2,1,5,1,3,1,1,3,1,15,3,7,4,1
46,6,3,11,1,69,6,10,11,6,11,5,7,8,1,7,6,45,1,67,1,7,4,28,4,12,31,158,21,4,4,15,1,14,1,1,4,18,0,20,1,2,114,1,4,2,8,2,1,4,5,6,3,11,5,1,4,44,4,3,5,3,3,2,1,5,1,3,1,1,3,1,15,3,7,4,1
47,6,3,11,1,69,6,10,11,6,11,5,7,8,1,7,6,45,1,67,1,7,4,28,4,12,31,158,21,4,4,15,1,14,1,1,4,18,0,20,1,2,114,1,4,2,8,2,1,4,5,6,3,11,5,1,4,44,4,3,5,3,3,2,1,5,1,3,1,1,3,1,15,3,7,4,1
48,6,3,11,1,69,6,10,11,6,11,5,7,8,1,7,6,45,1,67,1,7,4,28,4,12,31,158,21,4,4,15,1,14,1,1,4,18,0,20,1,2,114,1,4,2,8,2,1,4,5,6,3,11,5,1,4,44,4,3,5,3,3,2,1,5,1,3,1,1,3,1,15,3,7,4,1
49,6,3,11,1,69,6,10,11,6,11,5,7,8,1,7,6,45,1,67,1,7,4,28,4,12,31,158,21,4,4,15,1,14,1,1,4,18,0,20,1,2,114,1,4,2,8,2,1,4,5,6,3,11,5,1,4,44,4,3,5,3,3,2,1,5,1,3,1,1,3,1,15,3,7,4,1
50,6,3,11,1,69,6,10,11,6,11,5,7,8,1,7,6,45,1,67,1,7,4,28,4,12,31,158,21,4,4,15,1,14,1,1,4,18,0,20,1,2,114,1,4,2,8,2,1,4,5,6,3,11,5,1,4,44,4,3,5,3,3,2,1,5,1,3,1,1,3,1,15,3,7,4,1
51,6,3,11,1,69,6,10,11,6,11,5,7,8,1,7,6,45,1,67,1,7,4,28,4,12,31,158,21,4,4,15,1,14,1,1,4,18,0,20,1,2,114,1,4,2,8,2,1,4,5,6,3,11,5,1,4,44,4,3,5,3,3,2,1,5,1,3,1,1,3,1,15,3,7,4,1
52,6,3,11,1,69,6,10,11,6,11,5,7,8,1,7,6,45,1,67,1,7,4,28,4,12,31,158,21,4,4,15,1,14,1,1,4,18,0,20,1,2,114,1,4,2,8,2,1,4,5,6,3,11,5,1,4,44,4,3,5,3,3,2,1,5,1,3,1,1,3,1,15,3,7,4,1
53,6,3,11,1,69,6,10,11,6,11,5,7,8,1,7,6,45,1,67,1,7,4,28,4,12,31,158,21,4,4,15,1,14,1,1,4,18,0,20,1,2,114,1,4,2,8,2,1,4,5,6,3,11,5,1,4,44,4,3,5,3,3,2,1,5,1,3,1,1,3,1,15,3,7,4,1
54,6,3,11,1,69,6,10,11,6,11,5,7,8,1,7,6,45,1,67,1,7,4,28,4,12,31,158,21,4,4,15,1,14,1,1,4,18,0,20,1,2,114,1,4,2,8,2,1,4,5,6,3,11,5,1,4,44,4,3,5,3,3,2,1,5,1,3,1,1,3,1,15,3,7,4,1
55,6,3,11,1,69,6,10,11,6,11,5,7,8,1,7,6,45,1,67,1,7,4,28,4,12,31,158,21,4,4,15,1,14,1,1,4,18,0,20,1,2,114,1,4,2,8,2,1,4,5,6,3,11,5,1,4,44,4,3,5,3,3,2,1,5,1,3,1,1,3,1,15,3,7,4,1
56,6,3,11,1,69,6,10,11,6,11,5,7,8,1,7,6,45,1,67,1,7,4,28,4,12,31,158,21,4,4,15,1,14,1,1,4,18,0,20,1,2,114,1,4,2,8,2,1,4,5,6,3,11,5,1,4,44,4,3,5,3,3,2,1,5,1,3,1,1,3,1,15,3,7,4,1
57,6,3,11,1,69,6,10,11,6,11,5,7,8,1,7,6,45,1,67,1,7,4,28,4,12,31,158,21,4,4,15,1,14,1,1,4,18,0,20,1,2,114,1,4,2,8,2,1,4,5,6,3,11,5,1,4,44,4,3,5,3,3,2,1,5,1,3,1,1,3,1,15,3,7,4,1
58,6,3,11,1,69,6,10,11,6,11,5,7,8,1,7,6,45,1,67,1,7,4,28,4,12,31,158,21,4,4,15,1,14,1,1,4,18,0,20,1,2,114,1,4,2,8,2,1,4,5,6,3,11,5,1,4,44,4,3,5,3,3,2,1,5,1,3,1,1,3,1,15,3,7,4,1
59,6,3,11,1,69,6,10,11,6,11,5,7,8,1,7,6,45,1,67,1,7,4,28,4,12,31,158,21,4,4,15,1,14,1,1,4,18,0,20,1,2,114,1,4,2,8,2,1,4,5,6,3,11,5,1,4,44,4,3,5,3,3,2,1,5,1,3,1,1,3,1,15,3,7,4,1
60,6,3,11,1,69,6,10,11,6,11,5,7,8,1,7,6,45,1,67,1,7,4,28,4,12,31,158,21,4,4,15,1,14,1,1,4,18,0,20,1,2,114,1,4,2,8,2,1,4,5,6,3,11,5,1,4,44,4,3,5,3,3,2,1,5,1,3,1,1,3,1,15,3,7,4,1
61,6,3,11,1,69,6,10,11,6,11,5,7,8,1,7,6,45,1,67,1,7,4,28,4,12,31,158,21,4,4,15,1,14,1,1,4,18,0,20,1,2,114,1,4,2,8,2,1,4,5,6,3,11,5,1,4,44,4,3,5,3,3,2,1,5,1,3,1,1,3,1,15,3,7,4,1
62,6,3,11,1,69,6,10,11,6,11,5,7,8,1,7,6,45,1,67,1,7,4,28,4,12,31,158,21,4,4,15,1,14,1,1,4,18,0,20,1,2,114,1,4,2,8,2,1,4,5,6,3,11,5,1,4,44,4,3,5,3,3,2,1,5,1,3,1,1,3,1,15,3,7,4,1
63,6,3,11,1,69,6,10,11,6,11,5,7,8,1,7,6,45,1,67,1,7,4,28,4,12,31,158,21,4,4,15,1,14,1,1,4,18,0,20,1,2,114,1,4,2,8,2,1,4,5,6,3,11,5,1,4,44,4,3,5,3,3,2,1,5,1,3,1,1,3,1,15,3,7,4,1
64,6,3,11,1,69,6,10,11,6,11,5,7,8,1,7,6,45,1,67,1,7,4,28,4,12,31,158,21,4,4,15,1,14,1,1,4,18,0,20,1,2,114,1,4,2,8,2,1,4,5,6,3,11,5,1,4,44,4,3,5,3,3,2,1,5,1,3,1,1,3,1,15,3,7,4,1
65,6,3,11,1,69,6,10,11,6,11,5,7,8,1,7,6,45,1,67,1,7,4,28,4,12,31,158,21,4,4,15,1,14,1,1,4,18,0,20,1,2,114,1,4,2,8,2,1,4,5,6,3,11,5,1,4,44,4,3,5,3,3,2,1,5,1,3,1,1,3,1,15,3,7,4,1
66,6,3,11,1,69,6,10,11,6,11,5,7,8,1,7,6,45,1,67,1,7,4,28,4,12,31,158,21,4,4,15,1,14,1,1,4,18,0,20,1,2,114,1,4,2,8,2,1,4,5,6,3,11,5,1,4,44,4,3,5,3,3,2,1,5,1,3,1,1,3,1,15,3,7,4,1
67,6,3,11,1,69,6,10,11,6,11,5,7,8,1,7,6,45,1,67,1,7,4,28,4,12,31,158,21,4,4,15,1,14,1,1,4,18,0,20,1,2,114,1,4,2,8,2,1,4,5,6,3,11,5,1,4,44,4,3,5,3,3,2,1,5,1,3,1,1,3,1,15,3,7,4,1
68,6,3,11,1,69,6,10,11,6,11,5,7,8,1,7,6,45,1,67,1,7,4,28,4,12,31,158,21,4,4,15,1,14,1,1,4,18,0,20,1,2,114,1,4,2,8,2,1,4,5,6,3,11,5,1,4,44,4,3,5,3,3,2,1,5,1,3,1,1,3,1,15,3,7,4,1
69,6,3,11,1,69,6,10,11,6,11,5,7,8,1,7,6,45,1,67,1,7,4,28,4,12,31,158,21,4,4,15,1,14,1,1,4,18,0,20,1,2,114,1,4,2,8,2,1,4,5,6,3,11,5,1,4,44,4,3,5,3,3,2,1,5,1,3,1,1,3,1,15,3,7,4,1
70,6,3,11,1,69,6,10,11,6,11,5,7,8,1,7,6,45,1,67,1,7,4,28,4,12,31,158,21,4,4,15,1,14,1,1,4,18,0,20,1,2,114,1,4,2,8,2,1,4,5,6,3,11,5,1,4,44,4,3,5,3,3,2,1,5,1,3,1,1,3,1,15,3,7,4,1
71,6,3,11,1,69,6,10,11,6,11,5,7,8,1,7,6,45,1,67,1,7,4,28,4,12,31,158,21,4,4,15,1,14,1,1,4,18,0,20,1,2,114,1,4,2,8,2,1,4,5,6,3,11,5,1,4,44,4,3,5,3,3,2,1,5,1,3,1,1,3,1,15,3,7,4,1
72,6,3,11,1,69,6,10,11,6,11,5,7,8,1,7,6,45,1,67,1,7,4,28,4,12,31,158,21,4,4,15,1,14,1,1,4,18,0,20,1,2,114,1,4,2,8,2,1,4,5,6,3,11,5,1,4,44,4,3,5,3,3,2,1,5,1,3,1,1,3,1,15,3,7,4,1
73,6,3,11,1,69,6,10,11,6,11,5,7,8,1,7,6,45,1,67,1,7,4,28,4,12,31,158,21,4,4,15,1,14,1,1,4,18,0,20,1,2,114,1,4,2,8,2,1,4,5,6,3,11,5,1,4,44,4,3,5,3,3,2,1,5,1,3,1,1,3,1,15,3,7,4,1
74,6,3,11,1,69,6,10,11,6,11,5,7,8,1,7,6,45,1,67,1,7,4,28,4,12,31,158,21,4,4,15,1,14,1,1,4,18,0,20,1,2,114,1,4,2,8,2,1,4,5,6,3,11,5,1,4,44,4,3,5,3,3,2,1,5,1,3,1,1,3,1,15,3,7,4,1
75,6,3,11,1,69,6,10,11,6,11,5,7,8,1,7,6,45,1,67,1,7,4,28,4,12,31,158,21,4,4,15,1,14,1,1,4,18,0,20,1,2,114,1,4,2,8,2,1,4,5,6,3,11,5,1,4,44,4,3,5,3,3,2,1,5,1,3,1,1,3,1,15,3,7,4,1
76,6,3,11,1,69,6,10,11,6,11,5,7,8,1,7,6,45,1,67,1,7,4,28,4,12,31,158,21,4,4,15,1,14,1,1,4,18,0,20,1,2,114,1,4,2,8,2,1,4,5,6,3,11,5,1,4,44,4,3,5,3,3,2,1,5,1,3,1,1,3,1,15,3,7,4,1
77,6,3,11,1,69,6,10,11,6,11,5,7,8,1,7,6,45,1,67,1,7,4,28,4,12,31,158,21,4,4,15,1,14,1,1,4,18,0,20,1,2,114,1,4,2,8,2,1,4,5,6,3,11,5,1,4,44,4,3,5,3,3,2,1,5,1,3,1,1,3,1,15,3,7,4,1
78,6,3,11,1,69,6,10,11,6,11,5,7,8,1,7,6,45,1,67,1,7,4,28,4,12,31,158,21,4,4,15,1,14,1,1,4,18,0,20,1,2,114,1,4,2,8,2,1,4,5,6,3,11,5,1,4,44,4,3,5,3,3,2,1,5,1,3,1,1,3,1,15,3,7,4,1
79,6,3,11,1,69,6,10,11,6,11,5,7,8,1,7,6,45,1,67,1,7,4,28,4,12,31,158,21,4,4,15,1,14,1,1,4,18,0,20,1,2,114,1,4,2,8,2,1,4,5,6,3,11,5,1,4,44,4,3,5,3,3,2,1,5,1,3,1,1,3,1,15,3,7,4,1
80,6,3,11,1,69,6,10,11,6,11,5,7,8,1,7,6,45,1,67,1,7,4,28,4,12,31,158,21,4,4,15,1,14,1,1,4,18,0,20,1,2,114,1,4,2,8,2,1,4,5,6,3,11,5,1,4,44,4,3,5,3,3,2,1,5,1,3,1,1,3,1,15,3,7,4,1
81,6,3,11,1,69,6,10,11,6,11,5,7,8,1,7,6,45,1,67,1,7,4,28,4,12,31,158,21,4,4,15,1,14,1,1,4,18,0,20,1,2,114,1,4,2,8,2,1,4,5,6,3,11,5,1,4,44,4,3,5,3,3,2,1,5,1,3,1,1,3,1,15,3,7,4,1
82,6,3,11,1,69,6,10,11,6,11,5,7,8,1,7,6,45,1,67,1,7,4,28,4,12,31,158,21,4,4,15,1,14,1,1,4,18,0,20,1,2,114,1,4,2,8,2,1,4,5,6,3,11,5,1,4,44,4,3,5,3,3,2,1,5,1,3,1,1,3,1,15,3,7,4,1
83,6,3,11,1,69,6,10,11,6,11,5,7,8,1,7,6,45,1,67,1,7,4,28,4,12,31,158,21,4,4,15,1,14,1,1,4,18,0,20,1,2,114,1,4,2,8,2,1,4,5,6,3,11,5,1,4,44,4,3,5,3,3,2,1,5,1,3,1,1,3,1,15,3,7,4,1
84,6,3,11,1,69,6,10,11,6,11,5,7,8,1,7,6,45,1,67,1,7,4,28,4,12,31,158,21,4,4,15,1,14,1,1,4,18,0,20,1,2,114,1,4,2,8,2,1,4,5,6,3,11,5,1,4,44,4,3,5,3,3,2,1,5,1,3,1,1,3,1,15,3,7,4,1
85,6,3,11,1,69,6,10,11,6,11,5,7,8,1,7,6,45,1,67,1,7,4,28,4,12,31,158,21,4,4,15,1,14,1,1,4,18,0,20,1,2,114,1,4,2,8,2,1,4,5,6,3,11,5,1,4,44,4,3,5,3,3,2,1,5,1,3,1,1,3,1,15,3,7,4,1
86,6,3,11,1,69,6,10,11,6,11,5,7,8,1,7,6,45,1,67,1,7,4,28,4,12,31,158,21,4,4,15,1,14,1,1,4,18,0,20,1,2,114,1,4,2,8,2,1,4,5,6,3,11,5,1,4,44,4,3,5,3,3,2,1,5,1,3,1,1,3,1,15,3,7,4,1
87,6,3,11,1,69,6,10,11,6,11,5,7,8,1,7,6,45,1,67,1,7,4,28,4,12,31,158,21,4,4,15,1,14,1,1,4,18,0,20,1,2,114,1,4,2,8,2,1,4,5,6,3,11,5,1,4,44,4,3,5,3,3,2,1,5,1,3,1,1,3,1,15,3,7,4,1
88,6,3,11,1,69,6,10,11,6,11,5,7,8,1,7,6,45,1,67,1,7,4,28,4,12,31,158,21,4,4,15,1,14,1,1,4,18,0,20,1,2,114,1,4,2,8,2,1,4,5,6,3,11,5,1,4,44,4,3,5,3,3,2,1,5,1,3,1,1,3,1,15,3,7,4,1
89,6,3,11,1,69,6,10,11,6,11,5,7,8,1,7,6,45,1,67,1,7,4,28,4,12,31,158,21,4,4,15,1,14,1,1,4,18,0,20,1,2,114,1,4,2,8,2,1,4,5,6,3,11,5,1,4,44,4,3,5,3,3,2,1,5,1,3,1,1,3,1,15,3,7,4,1
90,6,3,11,1,69,6,10,11,6,11,5,7,8,1,7,6,45,1,67,1,7,4,28,4,12,31,158,21,4,4,15,1,14,1,1,4,18,0,20,1,2,114,1,4,2,8,2,1,4,5,6,3,11,5,1,4,44,4,3,5,3,3,2,1,5,1,3,1,1,3,1,15,3,7,4,1
91,6,3,11,1,69,6,10,11,6,11,5,7,8,1,7,6,45,1,67,1,7,4,28,4,12,31,158,21,4,4,15,1,14,1,1,4,18,0,20,1,2,114,1,4,2,8,2,1,4,5,6,3,11,5,1,4,44,4,3,5,3,3,2,1,5,1,3,1,1,3,1,15,3,7,4,1
92,6,3,11,1,69,6,10,11,6,11,5,7,8,1,7,6,45,1,67,1,7,4,28,4,12,31,158,21,4,4,15,1,14,1,1,4,18,0,20,1,2,114,1,4,2,8,2,1,4,5,6,3,11,5,1,4,44,4,3,5,3,3,2,1,5,1,3,1,1,3,1,15,3,7,4,1
93,6,3,11,1,69,6,10,11,6,11,5,7,8,1,7,6,45,1,67,1,7,4,28,4,12,31,158,21,4,4,15,1,14,1,1,4,18,0,20,1,2,114,1,4,2,8,2,1,4,5,6,3,11,5,1,4,44,4,3,5,3,3,2,1,5,1,3,1,1,3,1,15,3,7,4,1
94,6,3,11,1,69,6,10,11,6,11,5,7,8,1,7,6,45,1,67,1,7,4,28,4,12,31,158,21,4,4,15,1,14,1,1,4,18,0,20,1,2,114,1,4,2,8,2,1,4,5,6,3,11,5,1,4,44,4,3,5,3,3,2,1,5,1,3,1,1,3,1,15,3,7,4,1
95,6,3,11,1,69,6,10,11,6,11,5,7,8,1,7,6,45,1,67,1,7,4,28,4,12,31,158,21,4,4,15,1,14,1,1,4,18,0,20,1,2,114,1,4,2,8,2,1,4,5,6,3,11,5,1,4,44,4,3,5,3,3,2,1,5,1,3,1,1,3,1,15,3,7,4,1
96,6,3,11,1,69,6,10,11,6,11,5,7,8,1,7,6,45,1,67,1,7,4,28,4,12,31,158,21,4,4,15,1,14,1,1,4,18,0,20,1,2,114,1,4,2,8,2,1,4,5,6,3,11,5,1,4,44,4,3,5,3,3,2,1,5,1,3,1,1,3,1,15,3,7,4,1
97,6,3,11,1,69,6,10,11,6,11,5,7,8,1,7,6,45,1,67,1,7,4,28,4,12,31,158,21,4,4,15,1,14,1,1,4,18,0,20,1,2,114,1,4,2,8,2,1,4,5,6,3,11,5,1,4,44,4,3,5,3,3,2,1,5,1,3,1,1,3,1,15,3,7,4,1
98,6,3,11,1,69,6,10,11,6,11,5,7,8,1,7,6,45,1,67,1,7,4,28,4,12,31,158,21,4,4,15,1,14,1,1,4,18,0,20,1,2,114,1,4,2,8,2,1,4,5,6,3,11,5,1,4,44,4,3,5,3,3,2,1,5,1,3,1,1,3,1,15,3,7,4,1
99,6,3,11,1,69,6,10,11,6,11,5,7,8,1,7,6,45,1,67,1,7,4,28,4,12,31,158,21,4,4,15,1,14,1,1,4,18,0,20,1,2,114,1,4,2,8,2,1,4,5,6,3,11,5,1,4,44,4,3,5,3,3,2,1,5,1,3,1,1,3,1,15,3,7,4,1
100,6,3,11,1,69,6,10,11,6,11,5,7,8,1,7,6,45,1,67,1,7,4,28,4,12,31,158,21,4,4,15,1,14,1,1,4,18,0,20,1,2,114,1,4,2,8,2,1,4,5,6,3,11,5,1,4,44,4,3,5,3,3,2,1,5,1,3,1,1,3,1,15,3,7,4,1
101,6,3,11,1,69,6,10,11,6,11,5,7,8,1,7,6,45,1,67,1,7,4,28,4,12,31,158,21,4,4,15,1,14,1,1,4,18,0,20,1,2,114,1,4,2,8,2,1,4,5,6,3,11,5,1,4,44,4,3,5,3,3,2,1,5,1,3,1,1,3,1,15,3,7,4,1
102,6,3,11,1,69,6,10,11,6,11,5,7,8,1,7,6,45,1,67,1,7,4,28,4,12,31,158,21,4,4,15,1,14,1,1,4,18,0,20,1,2,114,1,4,2,8,2,1,4,5,6,3,11,5,1,4,44,4,3,5,3,3,2,1,5,1,3,1,1,3,1,15,3,7,4,1
103,6,3,11,1,69,6,10,11,6,11,5,7,8,1,7,6,45,1,67,1,7,4,28,4,12,31,158,21,4,4,15,1,14,1,1,4,18,0,20,1,2,114,1,4,2,8,2,1,4,5,6,3,11,5,1,4,44,4,3,5,3,3,2,1,5,1,3,1,1,3,1,15,3,7,4,1
104,6,3,11,1,69,6,10,11,6,11,5,7,8,1,7,6,45,1,67,1,7,4,28,4,12,31,158,21,4,4,15,1,14,1,1,4,18,0,20,1,2,114,1,4,2,8,2,1,4,5,6,3,11,5,1,4,44,4,3,5,3,3,2,1,5,1,3,1,1,3,1,15,3,7,4,1
105,6,3,11,1,69,6,10,11,6,11,5,7,8,1,7,6,45,1,67,1,7,4,28,4,12,31,158,21,4,4,15,1,14,1,1,4,18,0,20,1,2,114,1,4,2,8,2,1,4,5,6,3,11,5,1,4,44,4,3,5,3,3,2,1,5,1,3,1,1,3,1,15,3,7,4,1
106,6,3,11,1,69,6,10,11,6,11,5,7,8,1,7,6,45,1,67,1,7,4,28,4,12,31,158,21,4,4,15,1,14,1,1,4,18,0,20,1,2,114,1,4,2,8,2,1,4,5,6,3,11,5,1,4,44,4,3,5,3,3,2,1,5,1,3,1,1,3,1,15,3,7,4,1
107,6,3,11,1,69,6,10,11,6,11,5,7,8,1,7,6,45,1,67,1,7,4,28,4,12,31,158,21,4,4,15,1,14,1,1,4,18,0,20,1,2,114,1,4,2,8,2,1,4,5,6,3,11,5,1,4,44,4,3,5,3,3,2,1,5,1,3,1,1,3,1,15,3,7,4,1
108,6,3,11,1,69,6,10,11,6,11,5,7,8,1,7,6,45,1,67,1,7,4,28,4,12,31,158,21,4,4,15,1,14,1,1,4,18,0,20,1,2,114,1,4,2,8,2,1,4,5,6,3,11,5,1,4,44,4,3,5,3,3,2,1,5,1,3,1,1,3,1,15,3,7,4,1
109,6,3,11,1,69,6,10,11,6,11,5,7,8,1,7,6,45,1,67,1,7,4,28,4,12,31,158,21,4,4,15,1,14,1,1,4,18,0,20,1,2,114,1,4,2,8,2,1,4,5,6,3,11,5,1,4,44,4,3,5,3,3,2,1,5,1,3,1,1,3,1,15,3,7,4,1
110,6,3,11,1,69,6,10,11,6,11,5,7,8,1,7,6,45,1,67,1,7,4,28,4,12,31,158,21,4,4,15,1,14,1,1,4,18,0,20,1,2,114,1,4,2,8,2,1,4,5,6,3,11,5,1,4,44,4,3,5,3,3,2,1,5,1,3,1,1,3,1,15,3,7,4,1
111,6,3,11,1,69,6,10,11,6,11,5,7,8,1,7,6,45,1,67,1,7,4,28,4,12,31,158,21,4,4,15,1,14,1,1,4,18,0,20,1,2,114,1,4,2,8,2,1,4,5,6,3,11,5,1,4,44,4,3,5,3,3,2,1,5,1,3,1,1,3,1,15,3,7,4,1
112,6,3,11,1,69,6,10,11,6,11,5,7,8,1,7,6,45,1,67,1,7,4,28,4,12,31,158,21,4,4,15,1,14,1,1,4,18,0,20,1,2,114,1,4,2,8,2,1,4,5,6,3,11,5,1,4,44,4,3,5,3,3,2,1,5,1,3,1,1,3,1,15,3,7,4,1
113,6,3,11,1,69,6,10,11,6,11,5,7,8,1,7,6,45,1,67,1,7,4,28,4,12,31,158,21,4,4,15,1,14,1,1,4,18,0,20,1,2,114,1,4,2,8,2,1,4,5,6,3,11,5,1,4,44,4,3,5,3,3,2,1,5,1,3,1,1,3,1,15,3,7,4,1
114,6,3,11,1,69,6,10,11,6,11,5,7,8,1,7,6,45,1,67,1,7,4,28,4,12,31,158,21,4,4,15,1,14,1,1,4,18,0,20,1,2,114,1,4,2,8,2,1,4,5,6,3,11,5,1,4,44,4,3,5,3,3,2,1,5,1,3,1,1,3,1,15,3,7,4,1
115,6,3,11,1,69,6,10,11,6,11,5,7,8,1,7,6,45,1,67,1,7,4,28,4,12,31,158,21,4,4,15,1,14,1,1,4,18,0,20,1,2,114,1,4,2,8,2,1,4,5,6,3,11,5,1,4,44,4,3,5,3,3,2,1,5,1,3,1,1,3,1,15,3,7,4,1
116,6,3,11,1,69,6,10,11,6,11,5,7,8,1,7,6,45,1,67,1,7,4,28,4,12,31,158,21,4,4,15,1,14,1,1,4,18,0,20,1,2,114,1,4,2,8,2,1,4,5,6,3,11,5,1,4,44,4,3,5,3,3,2,1,5,1,3,1,1,3,1,15,3,7,4,1
117,6,3,11,1,69,6,10,11,6,11,5,7,8,1,7,6,45,1,67,1,7,4,28,4,12,31,158,21,4,4,15,1,14,1,1,4,18,0,20,1,2,114,1,4,2,8,2,1,4,5,6,3,11,5,1,4,44,4,3,5,3,3,2,1,5,1,3,1,1,3,1,15,3,7,4,1
118,6,3,11,1,69,6,10,11,6,11,5,7,8,1,7,6,45,1,67,1,7,4,28,4,12,31,158,21,4,4,15,1,14,1,1,4,18,0,20,1,2,114,1,4,2,8,2,1,4,5,6,3,11,5,1,4,44,4,3,5,3,3,2,1,5,1,3,1,1,3,1,15,3,7,4,1
119,6,3,11,1,69,6,10,11,6,11,5,7,8,1,7,6,45,1,67,1,7,4,28,4,12,31,158,21,4,4,15,1,14,1,1,4,18,0,20,1,2,114,1,4,2,8,2,1,4,5,6,3,11,5,1,4,44,4,3,5,3,3,2,1,5,1,3,1,1,3,1,15,3,7,4,1
120,6,3,11,1,69,6,10,11,6,11,5,7,8,1,7,6,45,1,67,1,7,4,28,4,12,31,158,21,4,4,15,1,14,1,1,4,18,0,20,1,2,114,1,4,2,8,2,1,4,5,6,3,11,5,1,4,44,4,3,5,3,3,2,1,5,1,3,1,1,3,1,15,3,7,4,1
121,6,3,11,1,69,6,10,11,6,11,5,7,8,1,7,6,45,1,67,1,7,4,28,4,12,31,158,21,4,4,15,1,14,1,1,4,18,0,20,1,2,114,1,4,2,8,2,1,4,5,6,3,11,5,1,4,44,4,3,5,3,3,2,1,5,1,3,1,1,3,1,15,3,7,4,1
122,6,3,11,1,69,6,10,11,6,11,5,7,8,1,7,6,45,1,67,1,7,4,28,4,12,31,158,21,4,4,15,1,14,1,1,4,18,0,20,1,2,114,1,4,2,8,2,1,4,5,6,3,11,5,1,4,44,4,3,5,3,3,2,1,5,1,3,1,1,3,1,15,3,7,4,1
123,6,3,11,1,69,6,10,11,6,11,5,7,8,1,7,6,45,1,67,1,7,4,28,4,12,31,158,21,4,4,15,1,14,1,1,4,18,0,20,1,2,114,1,4,2,8,2,1,4,5,6,3,11,5,1,4,44,4,3,5,3,3,2,1,5,1,3,1,1,3,1,15,3,7,4,1
124,6,3,11,1,69,6,10,11,6,11,5,7,8,1,7,6,45,1,67,1,7,4,28,4,12,31,158,21,4,4,15,1,14,1,1,4,18,0,20,1,2,114,1,4,2,8,2,1,4,5,6,3,11,5,1,4,44,4,3,5,3,3,2,1,5,1,3,1,1,3,1,15,3,7,4,1
125,6,3,11,1,69,6,10,11,6,11,5,7,8,1,7,6,45,1,67,1,7,4,28,4,12,31,158,21,4,4,15,1,14,1,1,4,18,0,20,1,2,114,1,4,2,8,2,1,4,5,6,3,11,5,1,4,44,4,3,5,3,3,2,1,5,1,3,1,1,3,1,15,3,7,4,1
126,6,3,11,1,69,6,10,11,6,11,5,7,8,1,7,6,45,1,67,1,7,4,28,4,12,31,158,21,4,4,15,1,14,1,1,4,18,0,20,1,2,114,1,4,2,8,2,1,4,5,6,3,11,5,1,4,44,4,3,5,3,3,2,1,5,1,3,1,1,3,1,15,3,7,4,1
127,6,3,11,1,69,6,10,11,6,11,5,7,8,1,7,6,45,1,67,1,7,4,28,4,12,31,158,21,4,4,15,1,14,1,1,4,18,0,20,1,2,114,1,4,2,8,2,1,4,5,6,3,11,5,1,4,44,4,3,5,3,3,2,1,5,1,3,1,1,3,1,15,3,7,4,1
128,6,3,11,1,69,6,10,11,6,11,5,7,8,1,7,6,45,1,67,1,7,4,28,4,12,31,158,21,4,4,15,1,14,1,1,4,18,0,20,1,2,114,1,4,2,8,2,1,4,5,6,3,11,5,1,4,44,4,3,5,3,3,2,1,5,1,3,1,1,3,1,15,3,7,4,1
129,6,3,11,1,69,6,10,11,6,11,5,7,8,1,7,6,45,1,67,1,7,4,28,4,12,31,158,21,4,4,15,1,14,1,1,4,18,0,20,1,2,114,1,4,2,8,2,1,4,5,6,3,11,5,1,4,44,4,3,5,3,3,2,1,5,1,3,1,1,3,1,15,3,7,4,1
130,6,3,11,1,69,6,10,11,6,11,5,7,8,1,7,6,45,1,67,1,7,4,28,4,12,31,158,21,4,4,15,1,14,1,1,4,18,0,20,1,2,114,1,4,2,8,2,1,4,5,6,3,11,5,1,4,44,4,3,5,3,3,2,1,5,1,3,1,1,3,1,15,3,7,4,1
131,6,3,11,1,69,6,10,11,6,11,5,7,8,1,7,6,45,1,67,1,7,4,28,4,12,31,158,21,4,4,15,1,14,1,1,4,18,0,20,1,2,114,1,4,2,8,2,1,4,5,6,3,11,5,1,4,44,4,3,5,3,3,2,1,5,1,3,1,1,3,1,15,3,7,4,1
132,6,3,11,1,69,6,10,11,6,11,5,7,8,1,7,6,45,1,67,1,7,4,28,4,12,31,158,21,4,4,15,1,14,1,1,4,18,0,20,1,2,114,1,4,2,8,2,1,4,5,6,3,11,5,1,4,44,4,3,5,3,3,2,1,5,1,3,1,1,3,1,15,3,7,4,1
133,6,3,11,1,69,6,10,11,6,11,5,7,8,1,7,6,45,1,67,1,7,4,28,4,12,31,158,21,4,4,15,1,14,1,1,4,18,0,20,1,2,114,1,4,2,8,2,1,4,5,6,3,11,5,1,4,44,4,3,5,3,3,2,1,5,1,3,1,1,3,1,15,3,7,4,1
134,6,3,11,1,69,6,10,11,6,11,5,7,8,1,7,6,45,1,67,1,7,4,28,4,12,31,158,21,4,4,15,1,14,1,1,4,18,0,20,1,2,114,1,4,2,8,2,1,4,5,6,3,11,5,1,4,44,4,3,5,3,3,2,1,5,1,3,1,1,3,1,15,3,7,4,1
135,6,3,11,1,69,6,10,11,6,11,5,7,8,1,7,6,45,1,67,1,7,4,28,4,12,31,158,21,4,4,15,1,14,1,1,4,18,0,20,1,2,114,1,4,2,8,2,1,4,5,6,3,11,5,1,4,44,4,3,5,3,3,2,1,5,1,3,1,1,3,1,15,3,7,4,1
136,6,3,11,1,69,6,10,11,6,11,5,7,8,1,7,6,45,1,67,1,7,4,28,4,12,31,158,21,4,4,15,1,14,1,1,4,18,0,20,1,2,114,1,4,2,8,2,1,4,5,6,3,11,5,1,4,44,4,3,5,3,3,2,1,5,1,3,1,1,3,1,15,3,7,4,1
137,6,3,11,1,69,6,10,11,6,11,5,7,8,1,7,6,45,1,67,1,7,4,28,4,12,31,158,21,4,4,15,1,14,1,1,4,18,0,20,1,2,114,1,4,2,8,2,1,4,5,6,3,11,5,1,4,44,4,3,5,3,3,2,1,5,1,3,1,1,3,1,15,3,7,4,1
138,6,3,11,1,69,6,10,11,6,11,5,7,8,1,7,6,45,1,67,1,7,4,28,4,12,31,158,21,4,4,15,1,14,1,1,4,18,0,20,1,2,114,1,4,2,8,2,1,4,5,6,3,11,5,1,4,44,4,3,5,3,3,2,1,5,1,3,1,1,3,1,15,3,7,4,1
139,6,3,11,1,69,6,10,11,6,11,5,7,8,1,7,6,45,1,67,1,7,4,28,4,12,31,158,21,4,4,15,1,14,1,1,4,18,0,20,1,2,114,1,4,2,8,2,1,4,5,6,3,11,5,1,4,44,4,3,5,3,3,2,1,5,1,3,1,1,3,1,15,3,7,4,1
140,6,3,11,1,69,6,10,11,6,11,5,7,8,1,7,6,45,1,67,1,7,4,28,4,12,31,158,21,4,4,15,1,14,1,1,4,18,0,20,1,2,114,1,4,2,8,2,1,4,5,6,3,11,5,1,4,44,4,3,5,3,3,2,1,5,1,3,1,1,3,1,15,3,7,4,1
141,6,3,11,1,69,6,10,11,6,11,5,7,8,1,7,6,45,1,67,1,7,4,28,4,12,31,158,21,4,4,15,1,14,1,1,4,18,0,20,1,2,114,1,4,2,8,2,1,4,5,6,3,11,5,1,4,44,4,3,5,3,3,2,1,5,1,3,1,1,3,1,15,3,7,4,1
142,6,3,11,1,69,6,10,11,6,11,5,7,8,1,7,6,45,1,67,1,7,4,28,4,12,31,158,21,4,4,15,1,14,1,1,4,18,0,20,1,2,114,1,4,2,8,2,1,4,5,6,3,11,5,1,4,44,4,3,5,3,3,2,1,5,1,3,1,1,3,1,15,3,7,4,1
143,6,3,11,1,69,6,10,11,6,11,5,7,8,1,7,6,45,1,67,1,7,4,28,4,12,31,158,21,4,4,15,1,14,1,1,4,18,0,20,1,2,114,1,4,2,8,2,1,4,5,6,3,11,5,1,4,44,4,3,5,3,3,2,1,5,1,3,1,1,3,1,15,3,7,4,1
144,6,3,11,1,69,6,10,11,6,11,5,7,8,1,7,6,45,1,67,1,7,4,28,4,12,31,158,21,4,4,15,1,14,1,1,4,18,0,20,1,2,114,1,4,2,8,2,1,4,5,6,3,11,5,1,4,44,4,3,5,3,3,2,1,5,1,3,1,1,3,1,15,3,7,4,1
145,6,3,11,1,69,6,10,11,6,11,5,7,8,1,7,6,45,1,67,1,7,4,28,4,12,31,158,21,4,4,15,1,14,1,1,4,18,0,20,1,2,114,1,4,2,8,2,1,4,5,6,3,11,5,1,4,44,4,3,5,3,3,2,1,5,1,3,1,1,3,1,15,3,7,4,1
146,6,3,11,1,69,6,10,11,6,11,5,7,8,1,7,6,45,1,67,1,7,4,28,4,12,31,158,21,4,4,15,1,14,1,1,4,18,0,20,1,2,114,1,4,2,8,2,1,4,5,6,3,11,5,1,4,44,4,3,5,3,3,2,1,5,1,3,1,1,3,1,15,3,7,4,1
147,6,3,11,1,69,6,10,11,6,11,5,7,8,1,7,6,45,1,67,1,7,4,28,4,12,31,158,21,4,4,15,1,14,1,1,4,18,0,20,1,2,114,1,4,2,8,2,1,4,5,6,3,11,5,1,4,44,4,3,5,3,3,2,1,5,1,3,1,1,3,1,15,3,7,4,1
148,6,3,11,1,69,6,10,11,6,11,5,7,8,1,7,6,45,1,67,1,7,4,28,4,12,31,158,21,4,4,15,1,14,1,1,4,18,0,20,1,2,114,1,4,2,8,2,1,4,5,6,3,11,5,1,4,44,4,3,5,3,3,2,1,5,1,3,1,1,3,1,15,3,7,4,1
149,6,3,11,1,69,6,10,11,6,11,5,7,8,1,7,6,45,1,67,1,7,4,28,4,12,31,158,21,4,4,15,1,14,1,1,4,18,0,20,1,2,114,1,4,2,8,2,1,4,5,6,3,11,5,1,4,44,4,3,5,3,3,2,1,5,1,3,1,1,3,1,15,3,7,4,1
150,6,3,11,1,69,6,10,11,6,11,5,7,8,1,7,6,45,1,67,1,7,4,28,4,12,31,158,21,4,4,15,1,14,1,1,4,18,0,20,1,2,114,1,4,2,8,2,1,4,5,6,3,11,5,1,4,44,4,3,5,3,3,2,1,5,1,3,1,1,3,1,15,3,7,4,1
151,6,3,11,1,69,6,10,11,6,11,5,7,8,1,7,6,45,1,67,1,7,4,28,4,12,31,158,21,4,4,15,1,14,1,1,4,18,0,20,1,2,114,1,4,2,8,2,1,4,5,6,3,11,5,1,4,44,4,3,5,3,3,2,1,5,1,3,1,1,3,1,15,3,7,4,1
152,6,3,11,1,69,6,10,11,6,11,5,7,8,1,7,6,45,1,67,1,7,4,28,4,12,31,158,21,4,4,15,1,14,1,1,4,18,0,20,1,2,114,1,4,2,8,2,1,4,5,6,3,11,5,1,4,44,4,3,5,3,3,2,1,5,1,3,1,1,3,1,15,3,7,4,1
153,6,3,11,1,69,6,10,11,6,11,5,7,8,1,7,6,45,1,67,1,7,4,28,4,12,31,158,21,4,4,15,1,14,1,1,4,18,0,20,1,2,114,1,4,2,8,2,1,4,5,6,3,11,5,1,4,44,4,3,5,3,3,2,1,5,1,3,1,1,3,1,15,3,7,4,1
154,6,3,11,1,69,6,10,11,6,11,5,7,8,1,7,6,45,1,67,1,7,4,28,4,12,31,158,21,4,4,15,1,14,1,1,4,18,0,20,1,2,114,1,4,2,8,2,1,4,5,6,3,11,5,1,4,44,4,3,5,3,3,2,1,5,1,3,1,1,3,1,15,3,7,4,1
155,6,3,11,1,69,6,10,11,6,11,5,7,8,1,7,6,45,1,67,1,7,4,28,4,12,31,158,21,4,4,15,1,14,1,1,4,18,0,20,1,2,114,1,4,2,8,2,1,4,5,6,3,11,5,1,4,44,4,3,5,3,3,2,1,5,1,3,1,1,3,1,15,3,7,4,1
156,6,3,11,1,69,6,10,11,6,11,5,7,8,1,7,6,45,1,67,1,7,4,28,4,12,31,158,21,4,4,15,1,14,1,1,4,18,0,20,1,2,114,1,4,2,8,2,1,4,5,6,3,11,5,1,4,44,4,3,5,3,3,2,1,5,1,3,1,1,3,1,15,3,7,4,1
157,6,3,11,1,69,6,10,11,6,11,5,7,8,1,7,6,45,1,67,1,7,4,28,4,12,31,158,21,4,4,15,1,14,1,1,4,18,0,20,1,2,114,1,4,2,8,2,1,4,5,6,3,11,5,1,4,44,4,3,5,3,3,2,1,5,1,3,1,1,3,1,15,3,7,4,1
158,6,3,11,1,69,6,10,11,6,11,5,7,8,1,7,6,45,1,67,1,7,4,28,4,12,31,158,21,4,4,15,1,14,1,1,4,18,0,20,1,2,114,1,4,2,8,2,1,4,5,6,3,11,5,1,4,44,4,3,5,3,3,2,1,5,1,3,1,1,3,1,15,3,7,4,1
159,6,3,11,1,69,6,10,11,6,11,5,7,8,1,7,6,45,1,67,1,7,4,28,4,12,31,158,21,4,4,15,1,14,1,1,4,18,0,20,1,2,114,1,4,2,8,2,1,4,5,6,3,11,5,1,4,44,4,3,5,3,3,2,1,5,1,3,1,1,3,1,15,3,7,4,1
160,6,3,11,1,69,6,10,11,6,11,5,7,8,1,7,6,45,1,67,1,7,4,28,4,12,31,158,21,4,4,15,1,14,1,1,4,18,0,20,1,2,114,1,4,2,8,2,1,4,5,6,3,11,5,1,4,44,4,3,5,3,3,2,1,5,1,3,1,1,3,1,15,3,7,4,1
161,6,3,11,1,69,6,10,11,6,11,5,7,8,1,7,6,45,1,67,1,7,4,28,4,12,31,158,21,4,4,15,1,14,1,1,4,18,0,20,1,2,114,1,4,2,8,2,1,4,5,6,3,11,5,1,4,44,4,3,5,3,3,2,1,5,1,3,1,1,3,1,15,3,7,4,1
162,6,3,11,1,69,6,10,11,6,11,5,7,8,1,7,6,45,1,67,1,7,4,28,4,12,31,158,21,4,4,15,1,14,1,1,4,18,0,20,1,2,114,1,4,2,8,2,1,4,5,6,3,11,5,1,4,44,4,3,5,3,3,2,1,5,1,3,1,1,3,1,15,3,7,4,1
163,6,3,11,1,69,6,10,11,6,11,5,7,8,1,7,6,45,1,67,1,7,4,28,4,12,31,158,21,4,4,15,1,14,1,1,4,18,0,20,1,2,114,1,4,2,8,2,1,4,5,6,3,11,5,1,4,44,4,3,5,3,3,2,1,5,1,3,1,1,3,1,15,3,7,4,1
164,6,3,11,1,69,6,10,11,6,11,5,7,8,1,7,6,45,1,67,1,7,4,28,4,12,31,158,21,4,4,15,1,14,1,1,4,18,0,20,1,2,114,1,4,2,8,2,1,4,5,6,3,11,5,1,4,44,4,3,5,3,3,2,1,5,1,3,1,1,3,1,15,3,7,4,1
165,6,3,11,1,69,6,10,11,6,11,5,7,8,1,7,6,45,1,67,1,7,4,28,4,12,31,158,21,4,4,15,1,14,1,1,4,18,0,20,1,2,114,1,4,2,8,2,1,4,5,6,3,11,5,1,4,44,4,3,5,3,3,2,1,5,1,3,1,1,3,1,15,3,7,4,1
166,6,3,11,1,69,6,10,11,6,11,5,7,8,1,7,6,45,1,67,1,7,4,28,4,12,31,158,21,4,4,15,1,14,1,1,4,18,0,20,1,2,114,1,4,2,8,2,1,4,5,6,3,11,5,1,4,44,4,3,5,3,3,2,1,5,1,3,1,1,3,1,15,3,7,4,1
167,6,3,11,1,69,6,10,11,6,11,5,7,8,1,7,6,45,1,67,1,7,4,28,4,12,31,158,21,4,4,15,1,14,1,1,4,18,0,20,1,2,114,1,4,2,8,2,1,4,5,6,3,11,5,1,4,44,4,3,5,3,3,2,1,5,1,3,1,1,3,1,15,3,7,4,1
168,6,3,11,1,69,6,10,11,6,11,5,7,8,1,7,6,45,1,67,1,7,4,28,4,12,31,158,21,4,4,15,1,14,1,1,4,18,0,20,1,2,114,1,4,2,8,2,1,4,5,6,3,11,5,1,4,44,4,3,5,3,3,2,1,5,1,3,1,1,3,1,15,3,7,4,1
169,6,3,11,1,69,6,10,11,6,11,5,7,8,1,7,6,45,1,67,1,7,4,28,4,12,31,158,21,4,4,15,1,14,1,1,4,18,0,20,1,2,114,1,4,2,8,2,1,4,5,6,3,11,5,1,4,44,4,3,5,3,3,2,1,5,1,3,1,1,3,1,15,3,7,4,1
170,6,3,11,1,69,6,10,11,6,11,5,7,8,1,7,6,45,1,67,1,7,4,28,4,12,31,158,21,4,4,15,1,14,1,1,4,18,0,20,1,2,114,1,4,2,8,2,1,4,5,6,3,11,5,1,4,44,4,3,5,3,3,2,1,5,1,3,1,1,3,1,15,3,7,4,1
171,6,3,11,1,69,6,10,11,6,11,5,7,8,1,7,6,45,1,67,1,7,4,28,4,12,31,158,21,4,4,15,1,14,1,1,4,18,0,20,1,2,114,1,4,2,8,2,1,4,5,6,3,11,5,1,4,44,4,3,5,3,3,2,1,5,1,3,1,1,3,1,15,3,7,4,1
172,6,3,11,1,69,6,10,11,6,11,5,7,8,1,7,6,45,1,67,1,7,4,28,4,12,31,158,21,4,4,15,1,14,1,1,4,18,0,20,1,2,114,1,4,2,8,2,1,4,5,6,3,11,5,1,4,44,4,3,5,3,3,2,1,5,1,3,1,1,3,1,15,3,7,4,1
173,6,3,11,1,69,6,10,11,6,11,5,7,8,1,7,6,45,1,67,1,7,4,28,4,12,31,158,21,4,4,15,1,14,1,1,4,18,0,20,1,2,114,1,4,2,8,2,1,4,5,6,3,11,5,1,4,44,4,3,5,3,3,2,1,5,1,3,1,1,3,1,15,3,7,4,1
174,6,3,11,1,69,6,10,11,6,11,5,7,8,1,7,6,45,1,67,1,7,4,28,4,12,31,158,21,4,4,15,1,14,1,1,4,18,0,20,1,2,114,1,4,2,8,2,1,4,5,6,3,11,5,1,4,44,4,3,5,3,3,2,1,5,1,3,1,1,3,1,15,3,7,4,1
175,6,3,11,1,69,6,10,11,6,11,5,7,8,1,7,6,45,1,67,1,7,4,28,4,12,31,158,21,4,4,15,1,14,1,1,4,18,0,20,1,2,114,1,4,2,8,2,1,4,5,6,3,11,5,1,4,44,4,3,5,3,3,2,1,5,1,3,1,1,3,1,15,3,7,4,1
176,6,3,11,1,69,6,10,11,6,11,5,7,8,1,7,6,45,1,67,1,7,4,28,4,12,31,158,21,4,4,15,1,14,1,1,4,18,0,20,1,2,114,1,4,2,8,2,1,4,5,6,3,11,5,1,4,44,4,3,5,3,3,2,1,5,1,3,1,1,3,1,15,3,7,4,1
177,6,3,11,1,69,6,10,11,6,11,5,7,8,1,7,6,45,1,67,1,7,4,28,4,12,31,158,21,4,4,15,1,14,1,1,4,18,0,20,1,2,114,1,4,2,8,2,1,4,5,6,3,11,5,1,4,44,4,3,5,3,3,2,1,5,1,3,1,1,3,1,15,3,7,4,1
178,6,3,11,1,69,6,10,11,6,11,5,7,8,1,7,6,45,1,67,1,7,4,28,4,12,31,158,21,4,4,15,1,14,1,1,4,18,0,20,1,2,114,1,4,2,8,2,1,4,5,6,3,11,5,1,4,44,4,3,5,3,3,2,1,5,1,3,1,1,3,1,15,3,7,4,1
179,6,3,11,1,69,6,10,11,6,11,5,7,8,1,7,6,45,1,67,1,7,4,28,4,12,31,158,21,4,4,15,1,14,1,1,4,18,0,20,1,2,114,1,4,2,8,2,1,4,5,6,3,11,5,1,4,44,4,3,5,3,3,2,1,5,1,3,1,1,3,1,15,3,7,4,1
180,6,3,11,1,69,6,10,11,6,11,5,7,8,1,7,6,45,1,67,1,7,4,28,4,12,31,158,21,4,4,15,1,14,1,1,4,18,0,20,1,2,114,1,4,2,8,2,1,4,5,6,3,11,5,1,4,44,4,3,5,3,3,2,1,5,1,3,1,1,3,1,15,3,7,4,1
181,6,3,11,1,69,6,10,11,6,11,5,7,8,1,7,6,45,1,67,1,7,4,28,4,12,31,158,21,4,4,15,1,14,1,1,4,18,0,20,1,2,114,1,4,2,8,2,1,4,5,6,3,11,5,1,4,44,4,3,5,3,3,2,1,5,1,3,1,1,3,1,15,3,7,4,1
182,6,3,11,1,69,6,10,11,6,11,5,7,8,1,7,6,45,1,67,1,7,4,28,4,12,31,158,21,4,4,15,1,14,1,1,4,18,0,20,1,2,114,1,4,2,8,2,1,4,5,6,3,11,5,1,4,44,4,3,5,3,3,2,1,5,1,3,1,1,3,1,15,3,7,4,1
183,6,3,11,1,69,6,10,11,6,11,5,7,8,1,7,6,45,1,67,1,7,4,28,4,12,31,158,21,4,4,15,1,14,1,1,4,18,0,20,1,2,114,1,4,2,8,2,1,4,5,6,3,11,5,1,4,44,4,3,5,3,3,2,1,5,1,3,1,1,3,1,15,3,7,4,1
184,6,3,11,1,69,6,10,11,6,11,5,7,8,1,7,6,45,1,67,1,7,4,28,4,12,31,158,21,4,4,15,1,14,1,1,4,18,0,20,1,2,114,1,4,2,8,2,1,4,5,6,3,11,5,1,4,44,4,3,5,3,3,2,1,5,1,3,1,1,3,1,15,3,7,4,1
185,6,3,11,1,69,6,10,11,6,11,5,7,8,1,7,6,45,1,67,1,7,4,28,4,12,31,158,21,4,4,15,1,14,1,1,4,18,0,20,1,2,114,1,4,2,8,2,1,4,5,6,3,11,5,1,4,44,4,3,5,3,3,2,1,5,1,3,1,1,3,1,15,3,7,4,1
186,6,3,11,1,69,6,10,11,6,11,5,7,8,1,7,6,45,1,67,1,7,4,28,4,12,31,158,21,4,4,15,1,14,1,1,4,18,0,20,1,2,114,1,4,2,8,2,1,4,5,6,3,11,5,1,4,44,4,3,5,3,3,2,1,5,1,3,1,1,3,1,15,3,7,4,1
187,6,3,11,1,69,6,10,11,6,11,5,7,8,1,7,6,45,1,67,1,7,4,28,4,12,31,158,21,4,4,15,1,14,1,1,4,18,0,20,1,2,114,1,4,2,8,2,1,4,5,6,3,11,5,1,4,44,4,3,5,3,3,2,1,5,1,3,1,1,3,1,15,3,7,4,1
188,6,3,11,1,69,6,10,11,6,11,5,7,8,1,7,6,45,1,67,1,7,4,28,4,12,31,158,21,4,4,15,1,14,1,1,4,18,0,20,1,2,114,1,4,2,8,2,1,4,5,6,3,11,5,1,4,44,4,3,5,3,3,2,1,5,1,3,1,1,3,1,15,3,7,4,1
189,6,3,11,1,69,6,10,11,6,11,5,7,8,1,7,6,45,1,67,1,7,4,28,4,12,31,158,21,4,4,15,1,14,1,1,4,18,0,20,1,2,114,1,4,2,8,2,1,4,5,6,3,11,5,1,4,44,4,3,5,3,3,2,1,5,1,3,1,1,3,1,15,3,7,4,1
190,6,3,11,1,69,6,10,11,6,11,5,7,8,1,7,6,45,1,67,1,7,4,28,4,12,31,158,21,4,4,15,1,14,1,1,4,18,0,20,1,2,114,1,4,2,8,2,1,4,5,6,3,11,5,1,4,44,4,3,5,3,3,2,1,5,1,3,1,1,3,1,15,3,7,4,1
191,6,3,11,1,69,6,10,11,6,11,5,7,8,1,7,6,45,1,67,1,7,4,28,4,12,31,158,21,4,4,15,1,14,1,1,4,18,0,20,1,2,114,1,4,2,8,2,1,4,5,6,3,11,5,1,4,44,4,3,5,3,3,2,1,5,1,3,1,1,3,1,15,3,7,4,1
192,6,3,11,1,69,6,10,11,6,11,5,7,8,1,7,6,45,1,67,1,7,4,28,4,12,31,158,21,4,4,15,1,14,1,1,4,18,0,20,1,2,114,1,4,2,8,2,1,4,5,6,3,11,5,1,4,44,4,3,5,3,3,2,1,5,1,3,1,1,3,1,15,3,7,4,1
193,6,3,11,1,69,6,10,11,6,11,5,7,8,1,7,6,45,1,67,1,7,4,28,4,12,31,158,21,4,4,15,1,14,1,1,4,18,0,20,1,2,114,1,4,2,8,2,1,4,5,6,3,11,5,1,4,44,4,3,5,3,3,2,1,5,1,3,1,1,3,1,15,3,7,4,1
194,6,3,11,1,69,6,10,11,6,11,5,7,8,1,7,6,45,1,67,1,7,4,28,4,12,31,158,21,4,4,15,1,14,1,1,4,18,0,20,1,2,114,1,4,2,8,2,1,4,5,6,3,11,5,1,4,44,4,3,5,3,3,2,1,5,1,3,1,1,3,1,15,3,7,4,1
195,6,3,11,1,69,6,10,11,6,11,5,7,8,1,7,6,45,1,67,1,7,4,28,4,12,31,158,21,4,4,15,1,14,1,1,4,18,0,20,1,2,114,1,4,2,8,2,1,4,5,6,3,11,5,1,4,44,4,3,5,3,3,2,1,5,1,3,1,1,3,1,15,3,7,4,1
196,6,3,11,1,69,6,10,11,6,11,5,7,8,1,7,6,45,1,67,1,7,4,28,4,12,31,158,21,4,4,15,1,14,1,1,4,18,0,20,1,2,114,1,4,2,8,2,1,4,5,6,3,11,5,1,4,44,4,3,5,3,3,2,1,5,1,3,1,1,3,1,15,3,7,4,1
197,6,3,11,1,69,6,10,11,6,11,5,7,8,1,7,6,45,1,67,1,7,4,28,4,12,31,158,21,4,4,15,1,14,1,1,4,18,0,20,1,2,114,1,4,2,8,2,1,4,5,6,3,11,5,1,4,44,4,3,5,3,3,2,1,5,1,3,1,1,3,1,15,3,7,4,1
198,6,3,11,1,69,6,10,11,6,11,5,7,8,1,7,6,45,1,67,1,7,4,28,4,12,31,158,21,4,4,15,1,14,1,1,4,18,0,20,1,2,114,1,4,2,8,2,1,4,5,6,3,11,5,1,4,44,4,3,5,3,3,2,1,5,1,3,1,1,3,1,15,3,7,4,1
199,6,3,11,1,69,6,10,11,6,11,5,7,8,1,7,6,45,1,67,1,7,4,28,4,12,31,158,21,4,4,15,1,14,1,1,4,18,0,20,1,2,114,1,4,2,8,2,1,4,5,6,3,11,5,1,4,44,4,3,5,3,3,2,1,5,1,3,1,1,3,1,15,3,7,4,1
200,6,3,11,1,69,6,10,11,6,11,5,7,8,1,7,6,45,1,67,1,7,4,28,4,12,31,158,21,4,4,15,1,14,1,1,4,18,0,20,1,2,114,1,4,2,8,2,1,4,5,6,3,11,5,1,4,44,4,3,5,3,3,2,1,5,1,3,1,1,3,1,15,3,7,4,1
201,6,3,11,1,69,6,10,11,6,11,5,7,8,1,7,6,45,1,67,1,7,4,28,4,12,31,158,21,4,4,15,1,14,1,1,4,18,0,20,1,2,114,1,4,2,8,2,1,4,5,6,3,11,5,1,4,44,4,3,5,3,3,2,1,5,1,3,1,1,3,1,15,3,7,4,1
202,6,3,11,1,69,6,10,11,6,11,5,7,8,1,7,6,45,1,67,1,7,4,28,4,12,31,158,21,4,4,15,1,14,1,1,4,18,0,20,1,2,114,1,4,2,8,2,1,4,5,6,3,11,5,1,4,44,4,3,5,3,3,2,1,5,1,3,1,1,3,1,15,3,7,4,1
203,6,3,11,1,69,6,10,11,6,11,5,7,8,1,7,6,45,1,67,1,7,4,28,4,12,31,158,21,4,4,15,1,14,1,1,4,18,0,20,1,2,114,1,4,2,8,2,1,4,5,6,3,11,5,1,4,44,4,3,5,3,3,2,1,5,1,3,1,1,3,1,15,3,7,4,1
204,6,3,11,1,69,6,10,11,6,11,5,7,8,1,7,6,45,1,67,1,7,4,28,4,12,31,158,21,4,4,15,1,14,1,1,4,18,0,20,1,2,114,1,4,2,8,2,1,4,5,6,3,11,5,1,4,44,4,3,5,3,3,2,1,5,1,3,1,1,3,1,15,3,7,4,1
205,6,3,11,1,69,6,10,11,6,11,5,7,8,1,7,6,45,1,67,1,7,4,28,4,12,31,158,21,4,4,15,1,14,1,1,4,18,0,20,1,2,114,1,4,2,8,2,1,4,5,6,3,11,5,1,4,44,4,3,5,3,3,2,1,5,1,3,1,1,3,1,15,3,7,4,1
206,6,3,11,1,69,6,10,11,6,11,5,7,8,1,7,6,45,1,67,1,7,4,28,4,12,31,158,21,4,4,15,1,14,1,1,4,18,0,20,1,2,114,1,4,2,8,2,1,4,5,6,3,11,5,1,4,44,4,3,5,3,3,2,1,5,1,3,1,1,3,1,15,3,7,4,1
207,6,3,11,1,69,6,10,11,6,11,5,7,8,1,7,6,45,1,67,1,7,4,28,4,12,31,158,21,4,4,15,1,14,1,1,4,18,0,20,1,2,114,1,4,2,8,2,1,4,5,6,3,11,5,1,4,44,4,3,5,3,3,2,1,5,1,3,1,1,3,1,15,3,7,4,1
208,6,3,11,1,69,6,10,11,6,11,5,7,8,1,7,6,45,1,67,1,7,4,28,4,12,31,158,21,4,4,15,1,14,1,1,4,18,0,20,1,2,114,1,4,2,8,2,1,4,5,6,3,11,5,1,4,44,4,3,5,3,3,2,1,5,1,3,1,1,3,1,15,3,7,4,1
209,6,3,11,1,69,6,10,11,6,11,5,7,8,1,7,6,45,1,67,1,7,4,28,4,12,31,158,21,4,4,15,1,14,1,1,4,18,0,20,1,2,114,1,4,2,8,2,1,4,5,6,3,11,5,1,4,44,4,3,5,3,3,2,1,5,1,3,1,1,3,1,15,3,7,4,1
210,6,3,11,1,69,6,10,11,6,11,5,7,8,1,7,6,45,1,67,1,7,4,28,4,12,31,158,21,4,4,15,1,14,1,1,4,18,0,20,1,2,114,1,4,2,8,2,1,4,5,6,3,11,5,1,4,44,4,3,5,3,3,2,1,5,1,3,1,1,3,1,15,3,7,4,1
211,6,3,11,1,69,6,10,11,6,11,5,7,8,1,7,6,45,1,67,1,7,4,28,4,12,31,158,21,4,4,15,1,14,1,1,4,18,0,20,1,2,114,1,4,2,8,2,1,4,5,6,3,11,5,1,4,44,4,3,5,3,3,2,1,5,1,3,1,1,3,1,15,3,7,4,1
212,6,3,11,1,69,6,10,11,6,11,5,7,8,1,7,6,45,1,67,1,7,4,28,4,12,31,158,21,4,4,15,1,14,1,1,4,18,0,20,1,2,114,1,4,2,8,2,1,4,5,6,3,11,5,1,4,44,4,3,5,3,3,2,1,5,1,3,1,1,3,1,15,3,7,4,1
213,6,3,11,1,69,6,10,11,6,11,5,7,8,1,7,6,45,1,67,1,7,4,28,4,12,31,158,21,4,4,15,1,14,1,1,4,18,0,20,1,2,114,1,4,2,8,2,1,4,5,6,3,11,5,1,4,44,4,3,5,3,3,2,1,5,1,3,1,1,3,1,15,3,7,4,1
214,6,3,11,1,69,6,10,11,6,11,5,7,8,1,7,6,45,1,67,1,7,4,28,4,12,31,158,21,4,4,15,1,14,1,1,4,18,0,20,1,2,114,1,4,2,8,2,1,4,5,6,3,11,5,1,4,44,4,3,5,3,3,2,1,5,1,3,1,1,3,1,15,3,7,4,1
215,6,3,11,1,69,6,10,11,6,11,5,7,8,1,7,6,45,1,67,1,7,4,28,4,12,31,158,21,4,4,15,1,14,1,1,4,18,0,20,1,2,114,1,4,2,8,2,1,4,5,6,3,11,5,1,4,44,4,3,5,3,3,2,1,5,1,3,1,1,3,1,15,3,7,4,1
216,6,3,11,1,69,6,10,11,6,11,5,7,8,1,7,6,45,1,67,1,7,4,28,4,12,31,158,21,4,4,15,1,14,1,1,4,18,0,20,1,2,114,1,4,2,8,2,1,4,5,6,3,11,5,1,4,44,4,3,5,3,3,2,1,5,1,3,1,1,3,1,15,3,7,4,1
217,6,3,11,1,69,6,10,11,6,11,5,7,8,1,7,6,45,1,67,1,7,4,28,4,12,31,158,21,4,4,15,1,14,1,1,4,18,0,20,1,2,114,1,4,2,8,2,1,4,5,6,3,11,5,1,4,44,4,3,5,3,3,2,1,5,1,3,1,1,3,1,15,3,7,4,1
218,6,3,11,1,69,6,10,11,6,11,5,7,8,1,7,6,45,1,67,1,7,4,28,4,12,31,158,21,4,4,15,1,14,1,1,4,18,0,20,1,2,114,1,4,2,8,2,1,4,5,6,3,11,5,1,4,44,4,3,5,3,3,2,1,5,1,3,1,1,3,1,15,3,7,4,1
219,6,3,11,1,69,6,10,11,6,11,5,7,8,1,7,6,45,1,67,1,7,4,28,4,12,31,158,21,4,4,15,1,14,1,1,4,18,0,20,1,2,114,1,4,2,8,2,1,4,5,6,3,11,5,1,4,44,4,3,5,3,3,2,1,5,1,3,1,1,3,1,15,3,7,4,1
220,6,3,11,1,69,6,10,11,6,11,5,7,8,1,7,6,45,1,67,1,7,4,28,4,12,31,158,21,4,4,15,1,14,1,1,4,18,0,20,1,2,114,1,4,2,8,2,1,4,5,6,3,11,5,1,4,44,4,3,5,3,3,2,1,5,1,3,1,1,3,1,15,3,7,4,1
221,6,3,11,1,69,6,10,11,6,11,5,7,8,1,7,6,45,1,67,1,7,4,28,4,12,31,158,21,4,4,15,1,14,1,1,4,18,0,20,1,2,114,1,4,2,8,2,1,4,5,6,3,11,5,1,4,44,4,3,5,3,3,2,1,5,1,3,1,1,3,1,15,3,7,4,1
222,6,3,11,1,69,6,10,11,6,11,5,7,8,1,7,6,45,1,67,1,7,4,28,4,12,31,158,21,4,4,15,1,14,1,1,4,18,0,20,1,2,114,1,4,2,8,2,1,4,5,6,3,11,5,1,4,44,4,3,5,3,3,2,1,5,1,3,1,1,3,1,15,3,7,4,1
223,6,3,11,1,69,6,10,11,6,11,5,7,8,1,7,6,45,1,67,1,7,4,28,4,12,31,158,21,4,4,15,1,14,1,1,4,18,0,20,1,2,114,1,4,2,8,2,1,4,5,6,3,11,5,1,4,44,4,3,5,3,3,2,1,5,1,3,1,1,3,1,15,3,7,4,1
224,6,3,11,1,69,6,10,11,6,11,5,7,8,1,7,6,45,1,67,1,7,4,28,4,12,31,158,21,4,4,15,1,14,1,1,4,18,0,20,1,2,114,1,4,2,8,2,1,4,5,6,3,11,5,1,4,44,4,3,5,3,3,2,1,5,1,3,1,1,3,1,15,3,7,4,1
225,6,3,11,1,69,6,10,11,6,11,5,7,8,1,7,6,45,1,67,1,7,4,28,4,12,31,158,21,4,4,15,1,14,1,1,4,18,0,20,1,2,114,1,4,2,8,2,1,4,5,6,3,11,5,1,4,44,4,3,5,3,3,2,1,5,1,3,1,1,3,1,15,3,7,4,1
226,6,3,11,1,69,6,10,11,6,11,5,7,8,1,7,6,45,1,67,1,7,4,28,4,12,31,158,21,4,4,15,1,14,1,1,4,18,0,20,1,2,114,1,4,2,8,2,1,4,5,6,3,11,5,1,4,44,4,3,5,3,3,2,1,5,1,3,1,1,3,1,15,3,7,4,1
227,6,3,11,1,69,6,10,11,6,11,5,7,8,1,7,6,45,1,67,1,7,4,28,4,12,31,158,21,4,4,15,1,14,1,1,4,18,0,20,1,2,114,1,4,2,8,2,1,4,5,6,3,11,5,1,4,44,4,3,5,3,3,2,1,5,1,3,1,1,3,1,15,3,7,4,1
228,6,3,11,1,69,6,10,11,6,11,5,7,8,1,7,6,45,1,67,1,7,4,28,4,12,31,158,21,4,4,15,1,14,1,1,4,18,0,20,1,2,114,1,4,2,8,2,1,4,5,6,3,11,5,1,4,44,4,3,5,3,3,2,1,5,1,3,1,1,3,1,15,3,7,4,1
229,6,3,11,1,69,6,10,11,6,11,5,7,8,1,7,6,45,1,67,1,7,4,28,4,12,31,158,21,4,4,15,1,14,1,1,4,18,0,20,1,2,114,1,4,2,8,2,1,4,5,6,3,11,5,1,4,44,4,3,5,3,3,2,1,5,1,3,1,1,3,1,15,3,7,4,1
230,6,3,11,1,69,6,10,11,6,11,5,7,8,1,7,6,45,1,67,1,7,4,28,4,12,31,158,21,4,4,15,1,14,1,1,4,18,0,20,1,2,114,1,4,2,8,2,1,4,5,6,3,11,5,1,4,44,4,3,5,3,3,2,1,5,1,3,1,1,3,1,15,3,7,4,1
231,6,3,11,1,69,6,10,11,6,11,5,7,8,1,7,6,45,1,67,1,7,4,28,4,12,31,158,21,4,4,15,1,14,1,1,4,18,0,20,1,2,114,1,4,2,8,2,1,4,5,6,3,11,5,1,4,44,4,3,5,3,3,2,1,5,1,3,1,1,3,1,15,3,7,4,1
232,6,3,11,1,69,6,10,11,6,11,5,7,8,1,7,6,45,1,67,1,7,4,28,4,12,31,158,21,4,4,15,1,14,1,1,4,18,0,20,1,2,114,1,4,2,8,2,1,4,5,6,3,11,5,1,4,44,4,3,5,3,3,2,1,5,1,3,1,1,3,1,15,3,7,4,1
233,6,3,11,1,69,6,10,11,6,11,5,7,8,1,7,6,45,1,67,1,7,4,28,4,12,31,158,21,4,4,15,1,14,1,1,4,18,0,20,1,2,114,1,4,2,8,2,1,4,5,6,3,11,5,1,4,44,4,3,5,3,3,2,1,5,1,3,1,1,3,1,15,3,7,4,1
234,6,3,11,1,69,6,10,11,6,11,5,7,8,1,7,6,45,1,67,1,7,4,28,4,12,31,158,21,4,4,15,1,14,1,1,4,18,0,20,1,2,114,1,4,2,8,2,1,4,5,6,3,11,5,1,4,44,4,3,5,3,3,2,1,5,1,3,1,1,3,1,15,3,7,4,1
235,6,3,11,1,69,6,10,11,6,11,5,7,8,1,7,6,45,1,67,1,7,4,28,4,12,31,158,21,4,4,15,1,14,1,1,4,18,0,20,1,2,114,1,4,2,8,2,1,4,5,6,3,11,5,1,4,44,4,3,5,3,3,2,1,5,1,3,1,1,3,1,15,3,7,4,1
236,6,3,11,1,69,6,10,11,6,11,5,7,8,1,7,6,45,1,67,1,7,4,28,4,12,31,158,21,4,4,15,1,14,1,1,4,18,0,20,1,2,114,1,4,2,8,2,1,4,5,6,3,11,5,1,4,44,4,3,5,3,3,2,1,5,1,3,1,1,3,1,15,3,7,4,1
237,6,3,11,1,69,6,10,11,6,11,5,7,8,1,7,6,45,1,67,1,7,4,28,4,12,31,158,21,4,4,15,1,14,1,1,4,18,0,20,1,2,114,1,4,2,8,2,1,4,5,6,3,11,5,1,4,44,4,3,5,3,3,2,1,5,1,3,1,1,3,1,15,3,7,4,1
238,6,3,11,1,69,6,10,11,6,11,5,7,8,1,7,6,45,1,67,1,7,4,28,4,12,31,158,21,4,4,15,1,14,1,1,4,18,0,20,1,2,114,1,4,2,8,2,1,4,5,6,3,11,5,1,4,44,4,3,5,3,3,2,1,5,1,3,1,1,3,1,15,3,7,4,1
239,6,3,11,1,69,6,10,11,6,11,5,7,8,1,7,6,45,1,67,1,7,4,28,4,12,31,158,21,4,4,15,1,14,1,1,4,18,0,20,1,2,114,1,4,2,8,2,1,4,5,6,3,11,5,1,4,44,4,3,5,3,3,2,1,5,1,3,1,1,3,1,15,3,7,4,1
240,6,3,11,1,69,6,10,11,6,11,5,7,8,1,7,6,45,1,67,1,7,4,28,4,12,31,158,21,4,4,15,1,14,1,1,4,18,0,20,1,2,114,1,4,2,8,2,1,4,5,6,3,11,5,1,4,44,4,3,5,3,3,2,1,5,1,3,1,1,3,1,15,3,7,4,1
241,6,3,11,1,69,6,10,11,6,11,5,7,8,1,7,6,45,1,67,1,7,4,28,4,12,31,158,21,4,4,15,1,14,1,1,4,18,0,20,1,2,114,1,4,2,8,2,1,4,5,6,3,11,5,1,4,44,4,3,5,3,3,2,1,5,1,3,1,1,3,1,15,3,7,4,1
242,6,3,11,1,69,6,10,11,6,11,5,7,8,1,7,6,45,1,67,1,7,4,28,4,12,31,158,21,4,4,15,1,14,1,1,4,18,0,20,1,2,114,1,4,2,8,2,1,4,5,6,3,11,5,1,4,44,4,3,5,3,3,2,1,5,1,3,1,1,3,1,15,3,7,4,1
243,6,3,11,1,69,6,10,11,6,11,5,7,8,1,7,6,45,1,67,1,7,4,28,4,12,31,158,21,4,4,15,1,14,1,1,4,18,0,20,1,2,114,1,4,2,8,2,1,4,5,6,3,11,5,1,4,44,4,3,5,3,3,2,1,5,1,3,1,1,3,1,15,3,7,4,1
244,6,3,11,1,69,6,10,11,6,11,5,7,8,1,7,6,45,1,67,1,7,4,28,4,12,31,158,21,4,4,15,1,14,1,1,4,18,0,20,1,2,114,1,4,2,8,2,1,4,5,6,3,11,5,1,4,44,4,3,5,3,3,2,1,5,1,3,1,1,3,1,15,3,7,4,1
245,6,3,11,1,69,6,10,11,6,11,5,7,8,1,7,6,45,1,67,1,7,4,28,4,12,31,158,21,4,4,15,1,14,1,1,4,18,0,20,1,2,114,1,4,2,8,2,1,4,5,6,3,11,5,1,4,44,4,3,5,3,3,2,1,5,1,3,1,1,3,1,15,3,7,4,1
246,6,3,11,1,69,6,10,11,6,11,5,7,8,1,7,6,45,1,67,1,7,4,28,4,12,31,158,21,4,4,15,1,14,1,1,4,18,0,20,1,2,114,1,4,2,8,2,1,4,5,6,3,11,5,1,4,44,4,3,5,3,3,2,1,5,1,3,1,1,3,1,15,3,7,4,1
247,6,3,11,1,69,6,10,11,6,11,5,7,8,1,7,6,45,1,67,1,7,4,28,4,12,31,158,21,4,4,15,1,14,1,1,4,18,0,20,1,2,114,1,4,2,8,2,1,4,5,6,3,11,5,1,4,44,4,3,5,3,3,2,1,5,1,3,1,1,3,1,15,3,7,4,1
248,6,3,11,1,69,6,10,11,6,11,5,7,8,1,7,6,45,1,67,1,7,4,28,4,12,31,158,21,4,4,15,1,14,1,1,4,18,0,20,1,2,114,1,4,2,8,2,1,4,5,6,3,11,5,1,4,44,4,3,5,3,3,2,1,5,1,3,1,1,3,1,15,3,7,4,1
249,6,3,11,1,69,6,10,11,6,11,5,7,8,1,7,6,45,1,67,1,7,4,28,4,12,31,158,21,4,4,15,1,14,1,1,4,18,0,20,1,2,114,1,4,2,8,2,1,4,5,6,3,11,5,1,4,44,4,3,5,3,3,2,1,5,1,3,1,1,3,1,15,3,7,4,1
250,6,3,11,1,69,6,10,11,6,11,5,7,8,1,7,6,45,1,67,1,7,4,28,4,12,31,158,21,4,4,15,1,14,1,1,4,18,0,20,1,2,114,1,4,2,8,2,1,4,5,6,3,11,5,1,4,44,4,3,5,3,3,2,1,5,1,3,1,1,3,1,15,3,7,4,1
251,6,3,11,1,69,6,10,11,6,11,5,7,8,1,7,6,45,1,67,1,7,4,28,4,12,31,158,21,4,4,15,1,14,1,1,4,18,0,20,1,2,114,1,4,2,8,2,1,4,5,6,3,11,5,1,4,44,4,3,5,3,3,2,1,5,1,3,1,1,3,1,15,3,7,4,1
252,6,3,11,1,69,6,10,11,6,11,5,7,8,1,7,6,45,1,67,1,7,4,28,4,12,31,158,21,4,4,15,1,14,1,1,4,18,0,20,1,2,114,1,4,2,8,2,1,4,5,6,3,11,5,1,4,44,4,3,5,3,3,2,1,5,1,3,1,1,3,1,15,3,7,4,1
253,6,3,11,1,69,6,10,11,6,11,5,7,8,1,7,6,45,1,67,1,7,4,28,4,12,31,158,21,4,4,15,1,14,1,1,4,18,0,20,1,2,114,1,4,2,8,2,1,4,5,6,3,11,5,1,4,44,4,3,5,3,3,2,1,5,1,3,1,1,3,1,15,3,7,4,1
254,6,3,11,1,69,6,10,11,6,11,5,7,8,1,7,6,45,1,67,1,7,4,28,4,12,31,158,21,4,4,15,1,14,1,1,4,18,0,20,1,2,114,1,4,2,8,2,1,4,5,6,3,11,5,1,4,44,4,3,5,3,3,2,1,5,1,3,1,1,3,1,15,3,7,4,1
255,6,3,11,1,69,6,10,11,6,11,5,7,8,1,7,6,45,1,67,1,7,4,28,4,12,31,158,21,4,4,15,1,14,1,1,4,18,0,20,1,2,114,1,4,2,8,2,1,4,5,6,3,11,5,1,4,44,4,3,5,3,3,2,1,5,1,3,1,1,3,1,15,3,7,4,1
256,6,3,11,1,69,6,10,11,6,11,5,7,8,1,7,6,45,1,67,1,7,4,28,4,12,31,158,21,4,4,15,1,14,1,1,4,18,0,20,1,2,114,1,4,2,8,2,1,4,5,6,3,11,5,1,4,44,4,3,5,3,3,2,1,5,1,3,1,1,3,1,15,3,7,4,1
257,6,3,11,1,69,6,10,11,6,11,5,7,8,1,7,6,45,1,67,1,7,4,28,4,12,31,158,21,4,4,15,1,14,1,1,4,18,0,20,1,2,114,1,4,2,8,2,1,4,5,6,3,11,5,1,4,44,4,3,5,3,3,2,1,5,1,3,1,1,3,1,15,3,7,4,1
258,6,3,11,1,69,6,10,11,6,11,5,7,8,1,7,6,45,1,67,1,7,4,28,4,12,31,158,21,4,4,15,1,14,1,1,4,18,0,20,1,2,114,1,4,2,8,2,1,4,5,6,3,11,5,1,4,44,4,3,5,3,3,2,1,5,1,3,1,1,3,1,15,3,7,4,1
259,6,3,11,1,69,6,10,11,6,11,5,7,8,1,7,6,45,1,67,1,7,4,28,4,12,31,158,21,4,4,15,1,14,1,1,4,18,0,20,1,2,114,1,4,2,8,2,1,4,5,6,3,11,5,1,4,44,4,3,5,3,3,2,1,5,1,3,1,1,3,1,15,3,7,4,1
260,6,3,11,1,69,6,10,11,6,11,5,7,8,1,7,6,45,1,67,1,7,4,28,4,12,31,158,21,4,4,15,1,14,1,1,4,18,0,20,1,2,114,1,4,2,8,2,1,4,5,6,3,11,5,1,4,44,4,3,5,3,3,2,1,5,1,3,1,1,3,1,15,3,7,4,1
261,6,3,11,1,69,6,10,11,6,11,5,7,8,1,7,6,45,1,67,1,7,4,28,4,12,31,158,21,4,4,15,1,14,1,1,4,18,0,20,1,2,114,1,4,2,8,2,1,4,5,6,3,11,5,1,4,44,4,3,5,3,3,2,1,5,1,3,1,1,3,1,15,3,7,4,1
262,6,3,11,1,69,6,10,11,6,11,5,7,8,1,7,6,45,1,67,1,7,4,28,4,12,31,158,21,4,4,15,1,14,1,1,4,18,0,20,1,2,114,1,4,2,8,2,1,4,5,6,3,11,5,1,4,44,4,3,5,3,3,2,1,5,1,3,1,1,3,1,15,3,7,4,1
263,6,3,11,1,69,6,10,11,6,11,5,7,8,1,7,6,45,1,67,1,7,4,28,4,12,31,158,21,4,4,15,1,14,1,1,4,18,0,20,1,2,114,1,4,2,8,2,1,4,5,6,3,11,5,1,4,44,4,3,5,3,3,2,1,5,1,3,1,1,3,1,15,3,7,4,1
264,6,3,11,1,69,6,10,11,6,11,5,7,8,1,7,6,45,1,67,1,7,4,28,4,12,31,158,21,4,4,15,1,14,1,1,4,18,0,20,1,2,114,1,4,2,8,2,1,4,5,6,3,11,5,1,4,44,4,3,5,3,3,2,1,5,1,3,1,1,3,1,15,3,7,4,1
265,6,3,11,1,69,6,10,11,6,11,5,7,8,1,7,6,45,1,67,1,7,4,28,4,12,31,158,21,4,4,15,1,14,1,1,4,18,0,20,1,2,114,1,4,2,8,2,1,4,5,6,3,11,5,1,4,44,4,3,5,3,3,2,1,5,1,3,1,1,3,1,15,3,7,4,1
266,6,3,11,1,69,6,10,11,6,11,5,7,8,1,7,6,45,1,67,1,7,4,28,4,12,31,158,21,4,4,15,1,14,1,1,4,18,0,20,1,2,114,1,4,2,8,2,1,4,5,6,3,11,5,1,4,44,4,3,5,3,3,2,1,5,1,3,1,1,3,1,15,3,7,4,1
267,6,3,11,1,69,6,10,11,6,11,5,7,8,1,7,6,45,1,67,1,7,4,28,4,12,31,158,21,4,4,15,1,14,1,1,4,18,0,20,1,2,114,1,4,2,8,2,1,4,5,6,3,11,5,1,4,44,4,3,5,3,3,2,1,5,1,3,1,1,3,1,15,3,7,4,1
268,6,3,11,1,69,6,10,11,6,11,5,7,8,1,7,6,45,1,67,1,7,4,28,4,12,31,158,21,4,4,15,1,14,1,1,4,18,0,20,1,2,114,1,4,2,8,2,1,4,5,6,3,11,5,1,4,44,4,3,5,3,3,2,1,5,1,3,1,1,3,1,15,3,7,4,1
269,6,3,11,1,69,6,10,11,6,11,5,7,8,1,7,6,45,1,67,1,7,4,28,4,12,31,158,21,4,4,15,1,14,1,1,4,18,0,20,1,2,114,1,4,2,8,2,1,4,5,6,3,11,5,1,4,44,4,3,5,3,3,2,1,5,1,3,1,1,3,1,15,3,7,4,1
270,6,3,11,1,69,6,10,11,6,11,5,7,8,1,7,6,45,1,67,1,7,4,28,4,12,31,158,21,4,4,15,1,14,1,1,4,18,0,20,1,2,114,1,4,2,8,2,1,4,5,6,3,11,5,1,4,44,4,3,5,3,3,2,1,5,1,3,1,1,3,1,15,3,7,4,1
271,6,3,11,1,69,6,10,11,6,11,5,7,8,1,7,6,45,1,67,1,7,4,28,4,12,31,158,21,4,4,15,1,14,1,1,4,18,0,20,1,2,114,1,4,2,8,2,1,4,5,6,3,11,5,1,4,44,4,3,5,3,3,2,1,5,1,3,1,1,3,1,15,3,7,4,1
272,6,3,11,1,69,6,10,11,6,11,5,7,8,1,7,6,45,1,67,1,7,4,28,4,12,31,158,21,4,4,15,1,14,1,1,4,18,0,20,1,2,114,1,4,2,8,2,1,4,5,6,3,11,5,1,4,44,4,3,5,3,3,2,1,5,1,3,1,1,3,1,15,3,7,4,1
273,6,3,11,1,69,6,10,11,6,11,5,7,8,1,7,6,45,1,67,1,7,4,28,4,12,31,158,21,4,4,15,1,14,1,1,4,18,0,20,1,2,114,1,4,2,8,2,1,4,5,6,3,11,5,1,4,44,4,3,5,3,3,2,1,5,1,3,1,1,3,1,15,3,7,4,1
274,6,3,11,1,69,6,10,11,6,11,5,7,8,1,7,6,45,1,67,1,7,4,28,4,12,31,158,21,4,4,15,1,14,1,1,4,18,0,20,1,2,114,1,4,2,8,2,1,4,5,6,3,11,5,1,4,44,4,3,5,3,3,2,1,5,1,3,1,1,3,1,15,3,7,4,1
275,6,3,11,1,69,6,10,11,6,11,5,7,8,1,7,6,45,1,67,1,7,4,28,4,12,31,158,21,4,4,15,1,14,1,1,4,18,0,20,1,2,114,1,4,2,8,2,1,4,5,6,3,11,5,1,4,44,4,3,5,3,3,2,1,5,1,3,1,1,3,1,15,3,7,4,1
276,6,3,11,1,69,6,10,11,6,11,5,7,8,1,7,6,45,1,67,1,7,4,28,4,12,31,158,21,4,4,15,1,14,1,1,4,18,0,20,1,2,114,1,4,2,8,2,1,4,5,6,3,11,5,1,4,44,4,3,5,3,3,2,1,5,1,3,1,1,3,1,15,3,7,4,1
277,6,3,11,1,69,6,10,11,6,11,5,7,8,1,7,6,45,1,67,1,7,4,28,4,12,31,158,21,4,4,15,1,14,1,1,4,18,0,20,1,2,114,1,4,2,8,2,1,4,5,6,3,11,5,1,4,44,4,3,5,3,3,2,1,5,1,3,1,1,3,1,15,3,7,4,1
278,6,3,11,1,69,6,10,11,6,11,5,7,8,1,7,6,45,1,67,1,7,4,28,4,12,31,158,21,4,4,15,1,14,1,1,4,18,0,20,1,2,114,1,4,2,8,2,1,4,5,6,3,11,5,1,4,44,4,3,5,3,3,2,1,5,1,3,1,1,3,1,15,3,7,4,1
279,6,3,11,1,69,6,10,11,6,11,5,7,8,1,7,6,45,1,67,1,7,4,28,4,12,31,158,21,4,4,15,1,14,1,1,4,18,0,20,1,2,114,1,4,2,8,2,1,4,5,6,3,11,5,1,4,44,4,3,5,3,3,2,1,5,1,3,1,1,3,1,15,3,7,4,1
280,6,3,11,1,69,6,10,11,6,11,5,7,8,1,7,6,45,1,67,1,7,4,28,4,12,31,158,21,4,4,15,1,14,1,1,4,18,0,20,1,2,114,1,4,2,8,2,1,4,5,6,3,11,5,1,4,44,4,3,5,3,3,2,1,5,1,3,1,1,3,1,15,3,7,4,1
281,6,3,11,1,69,6,10,11,6,11,5,7,8,1,7,6,45,1,67,1,7,4,28,4,12,31,158,21,4,4,15,1,14,1,1,4,18,0,20,1,2,114,1,4,2,8,2,1,4,5,6,3,11,5,1,4,44,4,3,5,3,3,2,1,5,1,3,1,1,3,1,15,3,7,4,1
282,6,3,11,1,69,6,10,11,6,11,5,7,8,1,7,6,45,1,67,1,7,4,28,4,12,31,158,21,4,4,15,1,14,1,1,4,18,0,20,1,2,114,1,4,2,8,2,1,4,5,6,3,11,5,1,4,44,4,3,5,3,3,2,1,5,1,3,1,1,3,1,15,3,7,4,1
283,6,3,11,1,69,6,10,11,6,11,5,7,8,1,7,6,45,1,67,1,7,4,28,4,12,31,158,21,4,4,15,1,14,1,1,4,18,0,20,1,2,114,1,4,2,8,2,1,4,5,6,3,11,5,1,4,44,4,3,5,3,3,2,1,5,1,3,1,1,3,1,15,3,7,4,1
284,6,3,11,1,69,6,10,11,6,11,5,7,8,1,7,6,45,1,67,1,7,4,28,4,12,31,158,21,4,4,15,1,14,1,1,4,18,0,20,1,2,114,1,4,2,8,2,1,4,5,6,3,11,5,1,4,44,4,3,5,3,3,2,1,5,1,3,1,1,3,1,15,3,7,4,1
285,6,3,11,1,69,6,10,11,6,11,5,7,8,1,7,6,45,1,67,1,7,4,28,4,12,31,158,21,4,4,15,1,14,1,1,4,18,0,20,1,2,114,1,4,2,8,2,1,4,5,6,3,11,5,1,4,44,4,3,5,3,3,2,1,5,1,3,1,1,3,1,15,3,7,4,1
286,6,3,11,1,69,6,10,11,6,11,5,7,8,1,7,6,45,1,67,1,7,4,28,4,12,31,158,21,4,4,15,1,14,1,1,4,18,0,20,1,2,114,1,4,2,8,2,1,4,5,6,3,11,5,1,4,44,4,3,5,3,3,2,1,5,1,3,1,1,3,1,15,3,7,4,1
287,6,3,11,1,69,6,10,11,6,11,5,7,8,1,7,6,45,1,67,1,7,4,28,4,12,31,158,21,4,4,15,1,14,1,1,4,18,0,20,1,2,114,1,4,2,8,2,1,4,5,6,3,11,5,1,4,44,4,3,5,3,3,2,1,5,1,3,1,1,3,1,15,3,7,4,1
288,6,3,11,1,69,6,10,11,6,11,5,7,8,1,7,6,45,1,67,1,7,4,28,4,12,31,158,21,4,4,15,1,14,1,1,4,18,0,20,1,2,114,1,4,2,8,2,1,4,5,6,3,11,5,1,4,44,4,3,5,3,3,2,1,5,1,3,1,1,3,1,15,3,7,4,1
289,6,3,11,1,69,6,10,11,6,11,5,7,8,1,7,6,45,1,67,1,7,4,28,4,12,31,158,21,4,4,15,1,14,1,1,4,18,0,20,1,2,114,1,4,2,8,2,1,4,5,6,3,11,5,1,4,44,4,3,5,3,3,2,1,5,1,3,1,1,3,1,15,3,7,4,1
290,6,3,11,1,69,6,10,11,6,11,5,7,8,1,7,6,45,1,67,1,7,4,28,4,12,31,158,21,4,4,15,1,14,1,1,4,18,0,20,1,2,114,1,4,2,8,2,1,4,5,6,3,11,5,1,4,44,4,3,5,3,3,2,1,5,1,3,1,1,3,1,15,3,7,4,1
291,6,3,11,1,69,6,10,11,6,11,5,7,8,1,7,6,45,1,67,1,7,4,28,4,12,31,158,21,4,4,15,1,14,1,1,4,18,0,20,1,2,114,1,4,2,8,2,1,4,5,6,3,11,5,1,4,44,4,3,5,3,3,2,1,5,1,3,1,1,3,1,15,3,7,4,1
292,6,3,11,1,69,6,10,11,6,11,5,7,8,1,7,6,45,1,67,1,7,4,28,4,12,31,158,21,4,4,15,1,14,1,1,4,18,0,20,1,2,114,1,4,2,8,2,1,4,5,6,3,11,5,1,4,44,4,3,5,3,3,2,1,5,1,3,1,1,3,1,15,3,7,4,1
293,6,3,11,1,69,6,10,11,6,11,5,7,8,1,7,6,45,1,67,1,7,4,28,4,12,31,158,21,4,4,15,1,14,1,1,4,18,0,20,1,2,114,1,4,2,8,2,1,4,5,6,3,11,5,1,4,44,4,3,5,3,3,2,1,5,1,3,1,1,3,1,15,3,7,4,1
294,6,3,11,1,69,6,10,11,6,11,5,7,8,1,7,6,45,1,67,1,7,4,28,4,12,31,158,21,4,4,15,1,14,1,1,4,18,0,20,1,2,114,1,4,2,8,2,1,4,5,6,3,11,5,1,4,44,4,3,5,3,3,2,1,5,1,3,1,1,3,1,15,3,7,4,1
295,6,3,11,1,69,6,10,11,6,11,5,7,8,1,7,6,45,1,67,1,7,4,28,4,12,31,158,21,4,4,15,1,14,1,1,4,18,0,20,1,2,114,1,4,2,8,2,1,4,5,6,3,11,5,1,4,44,4,3,5,3,3,2,1,5,1,3,1,1,3,1,15,3,7,4,1
296,6,3,11,1,69,6,10,11,6,11,5,7,8,1,7,6,45,1,67,1,7,4,28,4,12,31,158,21,4,4,15,1,14,1,1,4,18,0,20,1,2,114,1,4,2,8,2,1,4,5,6,3,11,5,1,4,44,4,3,5,3,3,2,1,5,1,3,1,1,3,1,15,3,7,4,1
297,6,3,11,1,69,6,10,11,6,11,5,7,8,1,7,6,45,1,67,1,7,4,28,4,12,31,158,21,4,4,15,1,14,1,1,4,18,0,20,1,2,114,1,4,2,8,2,1,4,5,6,3,11,5,1,4,44,4,3,5,3,3,2,1,5,1,3,1,1,3,1,15,3,7,4,1
298,6,3,11,1,69,6,10,11,6,11,5,7,8,1,7,6,45,1,67,1,7,4,28,4,12,31,158,21,4,4,15,1,14,1,1,4,18,0,20,1,2,114,1,4,2,8,2,1,4,5,6,3,11,5,1,4,44,4,3,5,3,3,2,1,5,1,3,1,1,3,1,15,3,7,4,1
299,6,3,11,1,69,6,10,11,6,11,5,7,8,1,7,6,45,1,67,1,7,4,28,4,12,31,158,21,4,4,15,1,14,1,1,4,18,0,20,1,2,114,1,4,2,8,2,1,4,5,6,3,11,5,1,4,44,4,3,5,3,3,2,1,5,1,3,1,1,3,1,15,3,7,4,1
300,6,3,11,1,69,6,10,11,6,11,5,7,8,1,7,6,45,1,67,1,7,4,28,4,12,31,158,21,4,4,15,1,14,1,1,4,18,0,20,1,2,114,1,4,2,8,2,1,4,5,6,3,11,5,1,4,44,4,3,5,3,3,2,1,5,1,3,1,1,3,1,15,3,7,4,1
301,6,3,11,1,69,6,10,11,6,11,5,7,8,1,7,6,45,1,67,1,7,4,28,4,12,31,158,21,4,4,15,1,14,1,1,4,18,0,20,1,2,114,1,4,2,8,2,1,4,5,6,3,11,5,1,4,44,4,3,5,3,3,2,1,5,1,3,1,1,3,1,15,3,7,4,1
302,6,3,11,1,69,6,10,11,6,11,5,7,8,1,7,6,45,1,67,1,7,4,28,4,12,31,158,21,4,4,15,1,14,1,1,4,18,0,20,1,2,114,1,4,2,8,2,1,4,5,6,3,11,5,1,4,44,4,3,5,3,3,2,1,5,1,3,1,1,3,1,15,3,7,4,1
303,6,3,11,1,69,6,10,11,6,11,5,7,8,1,7,6,45,1,67,1,7,4,28,4,12,31,158,21,4,4,15,1,14,1,1,4,18,0,20,1,2,114,1,4,2,8,2,1,4,5,6,3,11,5,1,4,44,4,3,5,3,3,2,1,5,1,3,1,1,3,1,15,3,7,4,1
304,6,3,11,1,69,6,10,11,6,11,5,7,8,1,7,6,45,1,67,1,7,4,28,4,12,31,158,21,4,4,15,1,14,1,1,4,18,0,20,1,2,114,1,4,2,8,2,1,4,5,6,3,11,5,1,4,44,4,3,5,3,3,2,1,5,1,3,1,1,3,1,15,3,7,4,1
305,6,3,11,1,69,6,10,11,6,11,5,7,8,1,7,6,45,1,67,1,7,4,28,4,12,31,158,21,4,4,15,1,14,1,1,4,18,0,20,1,2,114,1,4,2,8,2,1,4,5,6,3,11,5,1,4,44,4,3,5,3,3,2,1,5,1,3,1,1,3,1,15,3,7,4,1
306,6,3,11,1,69,6,10,11,6,11,5,7,8,1,7,6,45,1,67,1,7,4,28,4,12,31,158,21,4,4,15,1,14,1,1,4,18,0,20,1,2,114,1,4,2,8,2,1,4,5,6,3,11,5,1,4,44,4,3,5,3,3,2,1,5,1,3,1,1,3,1,15,3,7,4,1
307,6,3,11,1,69,6,10,11,6,11,5,7,8,1,7,6,45,1,67,1,7,4,28,4,12,31,158,21,4,4,15,1,14,1,1,4,18,0,20,1,2,114,1,4,2,8,2,1,4,5,6,3,11,5,1,4,44,4,3,5,3,3,2,1,5,1,3,1,1,3,1,15,3,7,4,1
308,6,3,11,1,69,6,10,11,6,11,5,7,8,1,7,6,45,1,67,1,7,4,28,4,12,31,158,21,4,4,15,1,14,1,1,4,18,0,20,1,2,114,1,4,2,8,2,1,4,5,6,3,11,5,1,4,44,4,3,5,3,3,2,1,5,1,3,1,1,3,1,15,3,7,4,1
309,6,3,11,1,69,6,10,11,6,11,5,7,8,1,7,6,45,1,67,1,7,4,28,4,12,31,158,21,4,4,15,1,14,1,1,4,18,0,20,1,2,114,1,4,2,8,2,1,4,5,6,3,11,5,1,4,44,4,3,5,3,3,2,1,5,1,3,1,1,3,1,15,3,7,4,1
310,6,3,11,1,69,6,10,11,6,11,5,7,8,1,7,6,45,1,67,1,7,4,28,4,12,31,158,21,4,4,15,1,14,1,1,4,18,0,20,1,2,114,1,4,2,8,2,1,4,5,6,3,11,5,1,4,44,4,3,5,3,3,2,1,5,1,3,1,1,3,1,15,3,7,4,1
311,6,3,11,1,69,6,10,11,6,11,5,7,8,1,7,6,45,1,67,1,7,4,28,4,12,31,158,21,4,4,15,1,14,1,1,4,18,0,20,1,2,114,1,4,2,8,2,1,4,5,6,3,11,5,1,4,44,4,3,5,3,3,2,1,5,1,3,1,1,3,1,15,3,7,4,1
312,6,3,11,1,69,6,10,11,6,11,5,7,8,1,7,6,45,1,67,1,7,4,28,4,12,31,158,21,4,4,15,1,14,1,1,4,18,0,20,1,2,114,1,4,2,8,2,1,4,5,6,3,11,5,1,4,44,4,3,5,3,3,2,1,5,1,3,1,1,3,1,15,3,7,4,1
313,6,3,11,1,69,6,10,11,6,11,5,7,8,1,7,6,45,1,67,1,7,4,28,4,12,31,158,21,4,4,15,1,14,1,1,4,18,0,20,1,2,114,1,4,2,8,2,1,4,5,6,3,11,5,1,4,44,4,3,5,3,3,2,1,5,1,3,1,1,3,1,15,3,7,4,1
314,6,3,11,1,69,6,10,11,6,11,5,7,8,1,7,6,45,1,67,1,7,4,28,4,12,31,158,21,4,4,15,1,14,1,1,4,18,0,20,1,2,114,1,4,2,8,2,1,4,5,6,3,11,5,1,4,44,4,3,5,3,3,2,1,5,1,3,1,1,3,1,15,3,7,4,1
315,6,3,11,1,69,6,10,11,6,11,5,7,8,1,7,6,45,1,67,1,7,4,28,4,12,31,158,21,4,4,15,1,14,1,1,4,18,0,20,1,2,114,1,4,2,8,2,1,4,5,6,3,11,5,1,4,44,4,3,5,3,3,2,1,5,1,3,1,1,3,1,15,3,7,4,1
316,6,3,11,1,69,6,10,11,6,11,5,7,8,1,7,6,45,1,67,1,7,4,28,4,12,31,158,21,4,4,15,1,14,1,1,4,18,0,20,1,2,114,1,4,2,8,2,1,4,5,6,3,11,5,1,4,44,4,3,5,3,3,2,1,5,1,3,1,1,3,1,15,3,7,4,1
317,6,3,11,1,69,6,10,11,6,11,5,7,8,1,7,6,45,1,67,1,7,4,28,4,12,31,158,21,4,4,15,1,14,1,1,4,18,0,20,1,2,114,1,4,2,8,2,1,4,5,6,3,11,5,1,4,44,4,3,5,3,3,2,1,5,1,3,1,1,3,1,15,3,7,4,1
318,6,3,11,1,69,6,10,11,6,11,5,7,8,1,7,6,45,1,67,1,7,4,28,4,12,31,158,21,4,4,15,1,14,1,1,4,18,0,20,1,2,114,1,4,2,8,2,1,4,5,6,3,11,5,1,4,44,4,3,5,3,3,2,1,5,1,3,1,1,3,1,15,3,7,4,1
319,6,3,11,1,69,6,10,11,6,11,5,7,8,1,7,6,45,1,67,1,7,4,28,4,12,31,158,21,4,4,15,1,14,1,1,4,18,0,20,1,2,114,1,4,2,8,2,1,4,5,6,3,11,5,1,4,44,4,3,5,3,3,2,1,5,1,3,1,1,3,1,15,3,7,4,1
320,6,3,11,1,69,6,10,11,6,11,5,7,8,1,7,6,45,1,67,1,7,4,28,4,12,31,158,21,4,4,15,1,14,1,1,4,18,0,20,1,2,114,1,4,2,8,2,1,4,5,6,3,11,5,1,4,44,4,3,5,3,3,2,1,5,1,3,1,1,3,1,15,3,7,4,1
321,6,3,11,1,69,6,10,11,6,11,5,7,8,1,7,6,45,1,67,1,7,4,28,4,12,31,158,21,4,4,15,1,14,1,1,4,18,0,20,1,2,114,1,4,2,8,2,1,4,5,6,3,11,5,1,4,44,4,3,5,3,3,2,1,5,1,3,1,1,3,1,15,3,7,4,1
322,6,3,11,1,69,6,10,11,6,11,5,7,8,1,7,6,45,1,67,1,7,4,28,4,12,31,158,21,4,4,15,1,14,1,1,4,18,0,20,1,2,114,1,4,2,8,2,1,4,5,6,3,11,5,1,4,44,4,3,5,3,3,2,1,5,1,3,1,1,3,1,15,3,7,4,1
323,6,3,11,1,69,6,10,11,6,11,5,7,8,1,7,6,45,1,67,1,7,4,28,4,12,31,158,21,4,4,15,1,14,1,1,4,18,0,20,1,2,114,1,4,2,8,2,1,4,5,6,3,11,5,1,4,44,4,3,5,3,3,2,1,5,1,3,1,1,3,1,15,3,7,4,1
324,6,3,11,1,69,6,10,11,6,11,5,7,8,1,7,6,45,1,67,1,7,4,28,4,12,31,158,21,4,4,15,1,14,1,1,4,18,0,20,1,2,114,1,4,2,8,2,1,4,5,6,3,11,5,1,4,44,4,3,5,3,3,2,1,5,1,3,1,1,3,1,15,3,7,4,1
325,6,3,11,1,69,6,10,11,6,11,5,7,8,1,7,6,45,1,67,1,7,4,28,4,12,31,158,21,4,4,15,1,14,1,1,4,18,0,20,1,2,114,1,4,2,8,2,1,4,5,6,3,11,5,1,4,44,4,3,5,3,3,2,1,5,1,3,1,1,3,1,15,3,7,4,1
326,6,3,11,1,69,6,10,11,6,11,5,7,8,1,7,6,45,1,67,1,7,4,28,4,12,31,158,21,4,4,15,1,14,1,1,4,18,0,20,1,2,114,1,4,2,8,2,1,4,5,6,3,11,5,1,4,44,4,3,5,3,3,2,1,5,1,3,1,1,3,1,15,3,7,4,1
327,6,3,11,1,69,6,10,11,6,11,5,7,8,1,7,6,45,1,67,1,7,4,28,4,12,31,158,21,4,4,15,1,14,1,1,4,18,0,20,1,2,114,1,4,2,8,2,1,4,5,6,3,11,5,1,4,44,4,3,5,3,3,2,1,5,1,3,1,1,3,1,15,3,7,4,1
328,6,3,11,1,69,6,10,11,6,11,5,7,8,1,7,6,45,1,67,1,7,4,28,4,12,31,158,21,4,4,15,1,14,1,1,4,18,0,20,1,2,114,1,4,2,8,2,1,4,5,6,3,11,5,1,4,44,4,3,5,3,3,2,1,5,1,3,1,1,3,1,15,3,7,4,1
329,6,3,11,1,69,6,10,11,6,11,5,7,8,1,7,6,45,1,67,1,7,4,28,4,12,31,158,21,4,4,15,1,14,1,1,4,18,0,20,1,2,114,1,4,2,8,2,1,4,5,6,3,11,5,1,4,44,4,3,5,3,3,2,1,5,1,3,1,1,3,1,15,3,7,4,1
330,6,3,11,1,69,6,10,11,6,11,5,7,8,1,7,6,45,1,67,1,7,4,28,4,12,31,158,21,4,4,15,1,14,1,1,4,18,0,20,1,2,114,1,4,2,8,2,1,4,5,6,3,11,5,1,4,44,4,3,5,3,3,2,1,5,1,3,1,1,3,1,15,3,7,4,1
331,6,3,11,1,69,6,10,11,6,11,5,7,8,1,7,6,45,1,67,1,7,4,28,4,12,31,158,21,4,4,15,1,14,1,1,4,18,0,20,1,2,114,1,4,2,8,2,1,4,5,6,3,11,5,1,4,44,4,3,5,3,3,2,1,5,1,3,1,1,3,1,15,3,7,4,1
332,6,3,11,1,69,6,10,11,6,11,5,7,8,1,7,6,45,1,67,1,7,4,28,4,12,31,158,21,4,4,15,1,14,1,1,4,18,0,20,1,2,114,1,4,2,8,2,1,4,5,6,3,11,5,1,4,44,4,3,5,3,3,2,1,5,1,3,1,1,3,1,15,3,7,4,1
333,6,3,11,1,69,6,10,11,6,11,5,7,8,1,7,6,45,1,67,1,7,4,28,4,12,31,158,21,4,4,15,1,14,1,1,4,18,0,20,1,2,114,1,4,2,8,2,1,4,5,6,3,11,5,1,4,44,4,3,5,3,3,2,1,5,1,3,1,1,3,1,15,3,7,4,1
334,6,3,11,1,69,6,10,11,6,11,5,7,8,1,7,6,45,1,67,1,7,4,28,4,12,31,158,21,4,4,15,1,14,1,1,4,18,0,20,1,2,114,1,4,2,8,2,1,4,5,6,3,11,5,1,4,44,4,3,5,3,3,2,1,5,1,3,1,1,3,1,15,3,7,4,1
335,6,3,11,1,69,6,10,11,6,11,5,7,8,1,7,6,45,1,67,1,7,4,28,4,12,31,158,21,4,4,15,1,14,1,1,4,18,0,20,1,2,114,1,4,2,8,2,1,4,5,6,3,11,5,1,4,44,4,3,5,3,3,2,1,5,1,3,1,1,3,1,15,3,7,4,1
336,6,3,11,1,69,6,10,11,6,11,5,7,8,1,7,6,45,1,67,1,7,4,28,4,12,31,158,21,4,4,15,1,14,1,1,4,18,0,20,1,2,114,1,4,2,8,2,1,4,5,6,3,11,5,1,4,44,4,3,5,3,3,2,1,5,1,3,1,1,3,1,15,3,7,4,1
337,6,3,11,1,69,6,10,11,6,11,5,7,8,1,7,6,45,1,67,1,7,4,28,4,12,31,158,21,4,4,15,1,14,1,1,4,18,0,20,1,2,114,1,4,2,8,2,1,4,5,6,3,11,5,1,4,44,4,3,5,3,3,2,1,5,1,3,1,1,3,1,15,3,7,4,1
338,6,3,11,1,69,6,10,11,6,11,5,7,8,1,7,6,45,1,67,1,7,4,28,4,12,31,158,21,4,4,15,1,14,1,1,4,18,0,20,1,2,114,1,4,2,8,2,1,4,5,6,3,11,5,1,4,44,4,3,5,3,3,2,1,5,1,3,1,1,3,1,15,3,7,4,1
339,6,3,11,1,69,6,10,11,6,11,5,7,8,1,7,6,45,1,67,1,7,4,28,4,12,31,158,21,4,4,15,1,14,1,1,4,18,0,20,1,2,114,1,4,2,8,2,1,4,5,6,3,11,5,1,4,44,4,3,5,3,3,2,1,5,1,3,1,1,3,1,15,3,7,4,1
340,6,3,11,1,69,6,10,11,6,11,5,7,8,1,7,6,45,1,67,1,7,4,28,4,12,31,158,21,4,4,15,1,14,1,1,4,18,0,20,1,2,114,1,4,2,8,2,1,4,5,6,3,11,5,1,4,44,4,3,5,3,3,2,1,5,1,3,1,1,3,1,15,3,7,4,1
341,6,3,11,1,69,6,10,11,6,11,5,7,8,1,7,6,45,1,67,1,7,4,28,4,12,31,158,21,4,4,15,1,14,1,1,4,18,0,20,1,2,114,1,4,2,8,2,1,4,5,6,3,11,5,1,4,44,4,3,5,3,3,2,1,5,1,3,1,1,3,1,15,3,7,4,1
342,6,3,11,1,69,6,10,11,6,11,5,7,8,1,7,6,45,1,67,1,7,4,28,4,12,31,158,21,4,4,15,1,14,1,1,4,18,0,20,1,2,114,1,4,2,8,2,1,4,5,6,3,11,5,1,4,44,4,3,5,3,3,2,1,5,1,3,1,1,3,1,15,3,7,4,1
343,6,3,11,1,69,6,10,11,6,11,5,7,8,1,7,6,45,1,67,1,7,4,28,4,12,31,158,21,4,4,15,1,14,1,1,4,18,0,20,1,2,114,1,4,2,8,2,1,4,5,6,3,11,5,1,4,44,4,3,5,3,3,2,1,5,1,3,1,1,3,1,15,3,7,4,1
344,6,3,11,1,69,6,10,11,6,11,5,7,8,1,7,6,45,1,67,1,7,4,28,4,12,31,158,21,4,4,15,1,14,1,1,4,18,0,20,1,2,114,1,4,2,8,2,1,4,5,6,3,11,5,1,4,44,4,3,5,3,3,2,1,5,1,3,1,1,3,1,15,3,7,4,1
345,6,3,11,1,69,6,10,11,6,11,5,7,8,1,7,6,45,1,67,1,7,4,28,4,12,31,158,21,4,4,15,1,14,1,1,4,18,0,20,1,2,114,1,4,2,8,2,1,4,5,6,3,11,5,1,4,44,4,3,5,3,3,2,1,5,1,3,1,1,3,1,15,3,7,4,1
346,6,3,11,1,69,6,10,11,6,11,5,7,8,1,7,6,45,1,67,1,7,4,28,4,12,31,158,21,4,4,15,1,14,1,1,4,18,0,20,1,2,114,1,4,2,8,2,1,4,5,6,3,11,5,1,4,44,4,3,5,3,3,2,1,5,1,3,1,1,3,1,15,3,7,4,1
347,6,3,11,1,69,6,10,11,6,11,5,7,8,1,7,6,45,1,67,1,7,4,28,4,12,31,158,21,4,4,15,1,14,1,1,4,18,0,20,1,2,114,1,4,2,8,2,1,4,5,6,3,11,5,1,4,44,4,3,5,3,3,2,1,5,1,3,1,1,3,1,15,3,7,4,1
348,6,3,11,1,69,6,10,11,6,11,5,7,8,1,7,6,45,1,67,1,7,4,28,4,12,31,158,21,4,4,15,1,14,1,1,4,18,0,20,1,2,114,1,4,2,8,2,1,4,5,6,3,11,5,1,4,44,4,3,5,3,3,2,1,5,1,3,1,1,3,1,15,3,7,4,1
349,6,3,11,1,69,6,10,11,6,11,5,7,8,1,7,6,45,1,67,1,7,4,28,4,12,31,158,21,4,4,15,1,14,1,1,4,18,0,20,1,2,114,1,4,2,8,2,1,4,5,6,3,11,5,1,4,44,4,3,5,3,3,2,1,5,1,3,1,1,3,1,15,3,7,4,1
350,6,3,11,1,69,6,10,11,6,11,5,7,8,1,7,6,45,1,67,1,7,4,28,4,12,31,158,21,4,4,15,1,14,1,1,4,18,0,20,1,2,114,1,4,2,8,2,1,4,5,6,3,11,5,1,4,44,4,3,5,3,3,2,1,5,1,3,1,1,3,1,15,3,7,4,1
351,6,3,11,1,69,6,10,11,6,11,5,7,8,1,7,6,45,1,67,1,7,4,28,4,12,31,158,21,4,4,15,1,14,1,1,4,18,0,20,1,2,114,1,4,2,8,2,1,4,5,6,3,11,5,1,4,44,4,3,5,3,3,2,1,5,1,3,1,1,3,1,15,3,7,4,1
352,6,3,11,1,69,6,10,11,6,11,5,7,8,1,7,6,45,1,67,1,7,4,28,4,12,31,158,21,4,4,15,1,14,1,1,4,18,0,20,1,2,114,1,4,2,8,2,1,4,5,6,3,11,5,1,4,44,4,3,5,3,3,2,1,5,1,3,1,1,3,1,15,3,7,4,1
353,6,3,11,1,69,6,10,11,6,11,5,7,8,1,7,6,45,1,67,1,7,4,28,4,12,31,158,21,4,4,15,1,14,1,1,4,18,0,20,1,2,114,1,4,2,8,2,1,4,5,6,3,11,5,1,4,44,4,3,5,3,3,2,1,5,1,3,1,1,3,1,15,3,7,4,1
354,6,3,11,1,69,6,10,11,6,11,5,7,8,1,7,6,45,1,67,1,7,4,28,4,12,31,158,21,4,4,15,1,14,1,1,4,18,0,20,1,2,114,1,4,2,8,2,1,4,5,6,3,11,5,1,4,44,4,3,5,3,3,2,1,5,1,3,1,1,3,1,15,3,7,4,1
355,6,3,11,1,69,6,10,11,6,11,5,7,8,1,7,6,45,1,67,1,7,4,28,4,12,31,158,21,4,4,15,1,14,1,1,4,18,0,20,1,2,114,1,4,2,8,2,1,4,5,6,3,11,5,1,4,44,4,3,5,3,3,2,1,5,1,3,1,1,3,1,15,3,7,4,1
356,6,3,11,1,69,6,10,11,6,11,5,7,8,1,7,6,45,1,67,1,7,4,28,4,12,31,158,21,4,4,15,1,14,1,1,4,18,0,20,1,2,114,1,4,2,8,2,1,4,5,6,3,11,5,1,4,44,4,3,5,3,3,2,1,5,1,3,1,1,3,1,15,3,7,4,1
357,6,3,11,1,69,6,10,11,6,11,5,7,8,1,7,6,45,1,67,1,7,4,28,4,12,31,158,21,4,4,15,1,14,1,1,4,18,0,20,1,2,114,1,4,2,8,2,1,4,5,6,3,11,5,1,4,44,4,3,5,3,3,2,1,5,1,3,1,1,3,1,15,3,7,4,1
358,6,3,11,1,69,6,10,11,6,11,5,7,8,1,7,6,45,1,67,1,7,4,28,4,12,31,158,21,4,4,15,1,14,1,1,4,18,0,20,1,2,114,1,4,2,8,2,1,4,5,6,3,11,5,1,4,44,4,3,5,3,3,2,1,5,1,3,1,1,3,1,15,3,7,4,1
359,6,3,11,1,69,6,10,11,6,11,5,7,8,1,7,6,45,1,67,1,7,4,28,4,12,31,158,21,4,4,15,1,14,1,1,4,18,0,20,1,2,114,1,4,2,8,2,1,4,5,6,3,11,5,1,4,44,4,3,5,3,3,2,1,5,1,3,1,1,3,1,15,3,7,4,1
360,6,3,11,1,69,6,10,11,6,11,5,7,8,1,7,6,45,1,67,1,7,4,28,4,12,31,158,21,4,4,15,1,14,1,1,4,18,0,20,1,2,114,1,4,2,8,2,1,4,5,6,3,11,5,1,4,44,4,3,5,3,3,2,1,5,1,3,1,1,3,1,15,3,7,4,1
361,6,3,11,1,69,6,10,11,6,11,5,7,8,1,7,6,45,1,67,1,7,4,28,4,12,31,158,21,4,4,15,1,14,1,1,4,18,0,20,1,2,114,1,4,2,8,2,1,4,5,6,3,11,5,1,4,44,4,3,5,3,3,2,1,5,1,3,1,1,3,1,15,3,7,4,1
362,6,3,11,1,69,6,10,11,6,11,5,7,8,1,7,6,45,1,67,1,7,4,28,4,12,31,158,21,4,4,15,1,14,1,1,4,18,0,20,1,2,114,1,4,2,8,2,1,4,5,6,3,11,5,1,4,44,4,3,5,3,3,2,1,5,1,3,1,1,3,1,15,3,7,4,1
363,6,3,11,1,69,6,10,11,6,11,5,7,8,1,7,6,45,1,67,1,7,4,28,4,12,31,158,21,4,4,15,1,14,1,1,4,18,0,20,1,2,114,1,4,2,8,2,1,4,5,6,3,11,5,1,4,44,4,3,5,3,3,2,1,5,1,3,1,1,3,1,15,3,7,4,1
364,6,3,11,1,69,6,10,11,6,11,5,7,8,1,7,6,45,1,67,1,7,4,28,4,12,31,158,21,4,4,15,1,14,1,1,4,18,0,20,1,2,114,1,4,2,8,2,1,4,5,6,3,11,5,1,4,44,4,3,5,3,3,2,1,5,1,3,1,1,3,1,15,3,7,4,1
365,6,3,11,1,69,6,10,11,6,11,5,7,8,1,7,6,45,1,67,1,7,4,28,4,12,31,158,21,4,4,15,1,14,1,1,4,18,0,20,1,2,114,1,4,2,8,2,1,4,5,6,3,11,5,1,4,44,4,3,5,3,3,2,1,5,1,3,1,1,3,1,15,3,7,4,1
366,6,3,11,1,69,6,10,11,6,11,5,7,8,1,7,6,45,1,67,1,7,4,28,4,12,31,158,21,4,4,15,1,14,1,1,4,18,0,20,1,2,114,1,4,2,8,2,1,4,5,6,3,11,5,1,4,44,4,3,5,3,3,2,1,5,1,3,1,1,3,1,15,3,7,4,1
367,6,3,11,1,69,6,10,11,6,11,5,7,8,1,7,6,45,1,67,1,7,4,28,4,12,31,158,21,4,4,15,1,14,1,1,4,18,0,20,1,2,114,1,4,2,8,2,1,4,5,6,3,11,5,1,4,44,4,3,5,3,3,2,1,5,1,3,1,1,3,1,15,3,7,4,1
368,6,3,11,1,69,6,10,11,6,11,5,7,8,1,7,6,45,1,67,1,7,4,28,4,12,31,158,21,4,4,15,1,14,1,1,4,18,0,20,1,2,114,1,4,2,8,2,1,4,5,6,3,11,5,1,4,44,4,3,5,3,3,2,1,5,1,3,1,1,3,1,15,3,7,4,1
369,6,3,11,1,69,6,10,11,6,11,5,7,8,1,7,6,45,1,67,1,7,4,28,4,12,31,158,21,4,4,15,1,14,1,1,4,18,0,20,1,2,114,1,4,2,8,2,1,4,5,6,3,11,5,1,4,44,4,3,5,3,3,2,1,5,1,3,1,1,3,1,15,3,7,4,1
370,6,3,11,1,69,6,10,11,6,11,5,7,8,1,7,6,45,1,67,1,7,4,28,4,12,31,158,21,4,4,15,1,14,1,1,4,18,0,20,1,2,114,1,4,2,8,2,1,4,5,6,3,11,5,1,4,44,4,3,5,3,3,2,1,5,1,3,1,1,3,1,15,3,7,4,1
371,6,3,11,1,69,6,10,11,6,11,5,7,8,1,7,6,45,1,67,1,7,4,28,4,12,31,158,21,4,4,15,1,14,1,1,4,18,0,20,1,2,114,1,4,2,8,2,1,4,5,6,3,11,5,1,4,44,4,3,5,3,3,2,1,5,1,3,1,1,3,1,15,3,7,4,1
372,6,3,11,1,69,6,10,11,6,11,5,7,8,1,7,6,45,1,67,1,7,4,28,4,12,31,158,21,4,4,15,1,14,1,1,4,18,0,20,1,2,114,1,4,2,8,2,1,4,5,6,3,11,5,1,4,44,4,3,5,3,3,2,1,5,1,3,1,1,3,1,15,3,7,4,0
373,6,3,11,1,69,6,10,11,6,11,5,7,8,1,7,6,45,1,67,1,7,4,28,4,12,31,158,21,4,4,15,1,14,1,1,4,18,0,20,1,2,114,1,4,2,8,2,1,4,5,6,3,11,5,1,4,44,4,3,5,3,3,2,1,5,1,3,1,1,3,1,15,3,7,4,0
374,0,0,0,0,0,0,0,0,0,0,0,0,0,0,0,0,0,0,0,0,0,0,0,0,0,0,0,0,0,0,0,0,0,0,0,0,0,0,0,0,0,0,0,0,0,0,0,0,0,0,0,0,0,0,0,0,0,0,0,0,0,0,0,0,0,0,0,0,0,0,0,0,0,0,0,0
375,0,0,0,0,0,0,0,0,0,0,0,0,0,0,0,0,0,0,0,0,0,0,0,0,0,0,0,0,0,0,0,0,0,0,0,0,0,0,0,0,0,0,0,0,0,0,0,0,0,0,0,0,0,0,0,0,0,0,0,0,0,0,0,0,0,0,0,0,0,0,0,0,0,0,0,0
