S.No,CPU-0,CPU-1,CPU-2,CPU-3,CPU-4,CPU-5,CPU-6,CPU-7,CPU-8
0,39.4,28.72,0.01,0.0,9.91,0.01,4.51,9.27
1,27.68,34.5,0.01,0.01,2.66,0.01,9.38,12.36
2,32.54,15.58,2.56,0.0,0.61,0.0,13.86,18.98
3,33.28,31.84,0.01,0.01,2.54,0.01,8.47,10.54
4,31.99,28.93,0.01,0.0,0.0,0.0,17.03,13.67
5,41.21,25.38,6.44,0.0,4.57,0.0,4.97,7.56
6,26.05,22.95,0.0,0.0,11.24,0.0,21.72,2.26
7,32.03,32.75,0.05,0.01,7.98,0.01,12.95,7.42
8,31.05,24.2,0.63,0.01,0.02,0.02,13.81,14.37
9,30.36,24.53,0.01,0.01,13.64,0.02,9.75,6.29
10,28.81,26.19,0.01,0.01,0.01,0.01,15.64,12.57
11,23.77,25.21,0.0,0.0,5.79,0.0,17.65,10.69
12,34.95,16.46,0.0,0.0,13.1,0.0,25.12,17.6
13,34.12,14.68,0.04,0.0,1.08,0.0,20.12,9.88
14,46.05,22.7,5.53,0.02,7.75,3.64,32.55,33.13
15,65.53,53.35,4.62,0.02,29.17,7.78,24.46,45.98
16,66.39,50.64,10.7,0.03,49.73,26.26,8.64,55.3
17,55.45,43.57,18.55,0.03,41.62,0.03,34.91,44.54
18,34.1,12.74,21.22,0.0,10.8,0.0,4.29,13.53
19,25.24,0.46,34.07,0.0,8.29,0.0,9.71,8.7
20,26.7,6.05,18.6,0.0,7.91,0.0,12.17,15.21
21,29.03,24.14,0.28,0.0,6.29,0.03,8.56,15.85
22,25.67,20.08,8.61,0.01,5.94,0.01,10.27,16.16
23,28.33,14.09,14.94,0.01,0.01,0.01,12.54,14.34
24,28.34,25.48,0.02,0.01,16.21,0.02,11.95,6.95
25,37.27,17.66,0.0,0.0,19.24,0.0,7.85,2.79
26,37.09,16.53,4.57,0.0,14.5,0.0,0.04,13.1
27,37.7,16.49,0.0,0.0,0.04,0.0,10.85,17.17
28,26.91,21.01,0.07,0.0,7.76,0.0,18.76,14.07
29,25.45,32.67,0.03,0.0,7.34,2.72,6.28,6.55
30,39.07,7.31,0.0,0.0,0.0,13.0,9.69,18.3
31,21.68,4.72,17.4,0.0,0.0,0.0,6.16,23.6
32,33.31,0.0,4.92,0.0,0.0,18.57,12.37,12.7
33,24.3,0.01,14.29,0.01,0.01,0.01,17.33,19.12
34,35.16,0.0,10.1,0.0,0.0,13.57,10.85,8.87
35,20.95,0.0,21.17,0.0,0.0,0.84,16.18,15.24
36,25.94,11.26,7.75,0.01,0.01,0.01,14.76,23.23
37,25.86,11.0,0.01,0.01,0.01,9.92,17.99,12.0
38,29.27,16.99,0.1,0.02,0.02,0.08,15.35,15.19
39,28.84,29.43,0.35,0.0,0.0,0.46,11.55,12.0
40,32.8,14.76,0.02,0.02,0.02,2.97,22.73,14.69
41,19.14,10.9,0.03,0.02,0.02,4.85,29.51,11.98
42,20.26,11.97,0.0,0.0,0.0,3.48,19.57,19.64
43,26.85,10.46,0.0,0.0,0.0,0.0,18.06,20.47
44,24.58,40.66,0.03,0.0,3.08,0.0,11.18,5.55
45,26.01,19.43,0.0,0.0,12.13,0.0,14.92,9.49
46,23.78,17.78,0.0,0.0,14.61,0.0,13.26,7.63
47,27.49,9.56,0.01,0.0,8.79,0.0,18.91,12.93
48,35.19,41.48,0.01,0.0,2.57,0.0,9.65,4.83
49,22.07,0.58,0.0,0.0,29.98,0.0,10.08,10.04
50,37.81,4.06,0.12,0.0,19.01,0.0,2.11,11.94
51,21.72,20.77,0.0,0.0,8.44,0.0,7.16,20.42
52,33.19,20.72,0.0,0.0,0.0,0.0,11.93,17.1
53,32.84,5.85,0.0,0.0,4.76,0.0,22.75,11.19
54,26.74,16.04,0.01,0.01,19.74,0.01,10.31,14.44
55,27.66,12.81,0.0,0.0,4.11,0.0,24.81,8.76
56,31.64,14.86,0.03,0.0,15.5,0.0,1.76,13.21
57,29.94,8.87,0.0,0.0,4.19,0.0,23.31,15.74
58,24.62,10.47,2.75,0.0,19.5,0.0,10.52,8.84
59,33.05,0.84,9.78,0.0,7.78,0.0,18.82,8.27
60,23.7,27.6,0.01,0.0,3.68,0.0,12.72,11.68
61,28.93,1.26,0.0,0.0,7.34,0.0,14.08,26.26
62,32.14,30.0,0.0,0.0,0.0,0.0,14.76,4.32
63,29.64,26.55,0.0,0.0,6.67,0.0,14.32,4.47
64,31.03,2.39,0.01,0.01,21.32,0.01,15.87,8.71
65,24.71,45.43,0.01,0.0,3.24,0.0,6.48,8.4
66,29.46,14.04,0.0,0.0,0.0,0.0,17.35,15.56
67,26.31,29.41,0.01,0.0,8.25,0.0,15.09,6.71
68,37.18,41.22,1.0,0.0,0.79,0.0,5.1,10.9
69,28.84,16.12,0.01,0.01,1.25,0.01,12.25,22.01
70,25.76,28.54,0.0,0.0,0.0,0.0,13.49,14.51
71,33.94,21.08,0.0,0.0,2.14,0.0,14.29,15.06
72,31.73,24.96,0.01,0.01,7.59,0.01,13.3,6.35
73,36.47,20.93,11.33,0.01,0.02,0.02,11.22,13.19
74,31.23,0.04,24.91,0.02,0.58,0.02,17.25,9.85
75,30.07,0.01,30.54,0.0,1.13,0.0,11.41,12.97
76,33.35,0.01,21.09,0.01,11.12,0.02,9.91,10.07
77,30.21,0.0,25.55,0.01,6.28,0.02,18.14,7.87
78,27.09,0.01,32.09,0.01,0.01,0.01,7.49,18.59
79,32.49,13.42,24.27,0.01,4.36,0.01,9.21,5.83
80,20.86,8.7,20.56,0.0,5.42,0.0,14.07,15.36
81,26.68,0.48,17.43,0.0,15.58,0.0,3.69,16.33
82,33.62,22.92,0.0,0.0,6.31,0.0,13.53,6.58
83,41.84,22.06,0.01,0.0,8.24,0.0,5.69,6.77
84,33.16,10.35,0.0,0.0,8.53,0.03,15.77,15.19
85,30.21,24.41,0.06,0.0,4.91,0.0,16.64,9.0
86,29.92,24.15,0.07,0.0,10.35,0.0,7.42,15.27
87,24.23,6.93,0.0,0.0,3.29,0.0,32.57,9.24
88,25.92,2.69,0.0,0.0,8.07,0.0,24.03,15.23
89,34.89,9.92,19.4,0.0,4.78,0.0,13.0,11.54
90,30.11,0.13,31.66,0.0,0.22,0.0,12.19,12.7
91,29.25,11.17,24.01,0.01,0.01,0.01,10.8,12.21
92,40.75,29.96,0.0,0.0,1.75,0.0,8.79,6.38
93,35.74,33.19,0.0,0.01,0.01,0.01,6.14,17.86
94,36.22,35.33,0.03,0.0,5.6,0.0,8.02,3.56
95,32.47,29.39,0.82,0.01,3.9,0.01,10.82,10.41
96,30.06,32.16,0.12,0.0,2.9,0.0,12.39,12.67
97,28.92,18.58,0.0,0.0,12.3,0.0,15.23,9.17
98,26.18,27.2,0.01,0.01,22.0,0.01,1.04,7.66
99,28.87,29.03,0.01,0.01,0.01,0.01,14.83,13.45
100,22.29,20.82,0.0,0.0,10.66,0.0,23.34,3.38
101,35.57,17.65,0.68,0.0,10.78,0.0,8.32,17.22
102,32.03,16.1,0.0,0.0,20.45,0.0,9.09,4.94
103,25.38,34.03,0.0,0.0,11.84,0.0,5.37,8.64
104,29.5,27.3,0.25,0.0,5.97,0.0,6.06,15.97
105,28.37,5.8,13.49,0.0,6.69,0.0,13.73,19.08
106,36.35,0.22,26.71,0.0,8.52,0.0,8.36,5.95
107,36.43,10.03,14.21,0.0,1.62,0.0,12.58,12.55
108,26.85,18.5,0.0,0.0,2.74,0.0,31.17,3.65
109,31.65,32.87,0.46,0.0,9.78,0.0,5.73,11.0
110,30.02,24.17,0.01,0.0,1.55,0.0,9.6,19.74
111,31.06,16.35,0.01,0.01,22.5,0.01,5.54,8.19
112,30.46,13.11,18.76,0.02,1.44,0.02,20.51,5.58
113,27.96,0.03,19.61,0.03,13.9,0.03,15.44,10.69
114,32.87,8.84,32.64,0.0,7.73,0.0,3.41,2.92
115,31.67,13.59,0.0,0.0,0.02,0.0,17.95,14.56
116,26.46,0.51,0.0,0.0,24.09,0.0,18.51,4.49
117,29.75,23.52,0.0,0.0,6.36,0.0,14.82,9.82
118,19.57,23.59,0.05,0.01,5.75,0.01,21.13,9.58
119,35.79,37.12,0.28,0.01,0.01,0.01,7.53,9.15
120,39.33,43.03,0.14,0.01,0.01,0.01,5.56,7.0
121,27.16,23.47,0.01,0.01,8.45,0.01,17.09,11.08
122,21.3,20.48,0.01,0.01,0.53,0.01,12.38,24.29
123,28.33,17.13,0.03,0.0,3.55,0.0,20.09,9.94
124,25.89,25.56,0.01,0.01,3.58,0.01,10.88,13.43
125,34.64,11.97,0.0,0.0,1.56,0.0,14.05,19.23
126,28.73,23.01,0.0,0.0,2.71,0.0,7.33,18.02
127,25.19,23.36,0.0,0.0,0.0,0.0,13.39,17.36
128,25.22,21.65,0.0,0.0,1.03,0.0,17.23,13.67
129,25.27,21.19,0.06,0.0,5.83,0.0,17.8,12.45
130,19.73,22.77,0.0,0.0,1.12,0.0,11.75,25.75
131,38.84,27.52,0.01,0.03,0.02,0.03,12.69,9.94
132,32.01,8.4,25.67,0.03,0.03,0.03,8.08,12.34
133,29.01,0.05,20.19,0.0,14.85,0.0,9.79,13.21
134,23.73,20.23,23.25,0.0,4.64,0.0,12.3,4.36
135,33.96,33.37,0.12,0.0,6.2,0.0,7.39,7.72
136,26.18,22.66,9.38,0.0,10.65,0.0,9.18,12.65
137,36.3,36.07,0.01,0.0,6.9,0.0,2.08,10.42
138,26.78,16.24,0.0,0.0,10.59,0.0,13.78,13.25
139,35.42,25.36,0.04,0.0,5.69,0.0,9.29,9.39
140,31.86,35.09,0.42,0.0,0.0,0.0,7.48,14.54
141,28.61,21.28,0.0,0.0,1.67,0.0,12.04,20.63
142,28.48,14.42,0.0,0.0,0.62,0.0,16.07,19.08
143,24.31,31.53,0.05,0.0,0.95,0.0,14.3,13.98
144,34.71,29.07,0.0,0.0,12.62,0.0,6.1,4.39
145,26.65,30.45,0.75,0.02,0.02,0.02,13.22,17.46
146,23.71,19.61,0.01,0.01,12.48,0.02,18.16,8.15
147,27.99,36.91,0.01,0.0,0.0,0.0,12.76,10.36
148,26.54,20.36,0.0,0.0,0.17,0.0,15.88,19.96
149,37.92,12.22,24.93,0.01,9.43,0.01,0.31,8.41
150,29.16,0.01,31.07,0.01,13.51,0.0,9.48,3.38
151,44.3,0.01,18.98,0.01,0.01,0.01,15.25,8.32
152,32.52,0.02,31.22,0.0,0.43,0.0,8.0,14.81
153,28.41,0.0,23.38,0.01,12.05,0.01,15.11,8.91
154,45.97,3.32,24.94,0.01,0.06,0.01,12.36,3.11
155,29.21,18.32,0.0,0.0,0.01,0.0,17.62,18.69
156,37.57,15.13,0.0,0.0,0.17,0.0,19.64,10.74
157,35.64,18.48,0.0,0.0,0.0,0.0,10.88,22.79
158,37.13,44.46,0.05,0.0,0.17,0.0,5.38,6.51
159,30.78,21.37,0.0,0.0,13.4,0.0,12.35,7.69
160,35.8,14.11,0.0,0.0,3.02,0.0,19.83,12.38
161,36.36,28.7,0.05,0.0,5.91,0.0,3.89,15.09
162,35.06,18.86,0.01,0.01,6.56,0.01,9.78,15.36
163,25.86,28.03,14.28,0.0,0.0,0.0,8.0,12.82
164,24.77,33.29,0.18,0.0,9.42,0.0,13.91,9.23
165,33.27,25.41,0.0,0.0,9.64,0.0,5.27,12.79
166,42.07,38.54,0.13,0.01,0.01,0.01,6.48,4.01
167,30.28,17.9,0.66,0.0,12.13,0.0,9.84,12.77
168,31.75,16.53,0.01,0.01,15.43,0.01,10.05,11.88
169,26.9,29.41,0.01,0.01,0.01,0.01,10.7,18.36
170,34.09,19.21,0.01,0.01,13.53,0.01,9.22,8.6
171,33.84,26.28,0.78,0.0,6.73,0.0,5.49,13.32
172,24.66,24.04,0.0,0.0,12.54,0.0,13.89,8.02
173,25.95,18.24,0.77,0.0,19.4,0.0,8.43,14.84
174,29.92,30.37,0.37,0.0,5.86,0.0,13.32,7.0
175,33.7,47.61,0.21,0.0,0.0,0.0,4.56,6.32
176,23.47,21.24,12.86,0.01,7.6,0.01,18.48,7.48
177,25.6,7.04,20.52,0.01,11.66,0.01,11.2,8.15
178,29.27,33.3,0.46,0.0,6.02,0.0,7.28,11.37
179,34.11,14.64,15.11,0.02,0.02,0.02,13.29,10.69
180,27.27,21.98,0.02,0.03,16.23,0.03,9.15,8.84
181,30.17,10.45,0.03,0.03,13.46,0.03,16.04,14.05
182,31.71,18.7,0.03,0.03,0.27,0.03,20.33,12.07
183,24.18,31.69,0.05,0.0,0.66,0.0,16.17,14.8
184,32.23,33.35,0.05,0.0,7.21,0.0,10.49,6.52
185,29.3,22.83,27.61,0.0,0.0,0.0,6.89,7.95
186,29.91,19.26,12.83,0.0,3.87,0.0,7.71,12.28
187,29.77,16.6,3.2,0.01,15.15,0.01,9.6,9.31
188,24.95,18.54,9.66,0.01,23.22,0.01,5.46,2.8
189,33.35,28.11,0.0,0.0,5.19,0.0,9.96,12.81
190,29.34,21.49,0.0,0.0,5.62,0.0,16.65,10.23
191,29.14,26.05,0.01,0.0,8.15,0.0,14.32,7.48
192,41.57,30.57,0.0,0.0,4.75,0.0,10.16,5.45
193,23.59,12.14,30.32,0.0,7.03,0.0,9.35,5.41
194,30.76,12.34,9.7,0.01,18.4,0.01,8.65,4.22
195,32.08,36.19,0.11,0.0,0.0,0.0,6.47,13.61
196,30.55,17.58,0.19,0.01,7.57,0.01,15.86,14.21
197,26.63,30.4,0.02,0.01,9.97,0.02,12.85,4.81
198,27.44,43.19,0.04,0.0,4.78,0.0,9.08,5.17
199,25.74,38.8,0.03,0.0,5.6,0.0,5.82,11.1
200,24.21,21.71,0.06,0.0,12.77,0.0,9.29,16.09
201,43.02,14.84,0.0,0.0,0.0,0.0,12.39,14.44
202,34.71,19.68,11.64,0.0,0.0,0.0,13.62,7.86
203,24.0,11.06,41.65,0.0,0.0,0.0,9.23,4.43
204,43.83,4.35,18.83,0.0,0.49,0.0,12.33,10.61
205,38.25,12.86,14.13,0.0,9.44,0.0,2.27,12.42
206,20.41,0.62,39.85,0.0,4.07,0.0,7.66,14.54
207,30.61,8.01,23.32,0.0,0.62,0.0,11.03,15.04
208,26.06,0.0,5.12,0.0,10.98,0.0,22.95,13.09
209,19.97,4.13,9.72,0.0,12.9,0.0,10.79,17.19
210,32.77,22.93,0.0,0.0,3.53,0.0,9.86,12.26
211,27.76,7.02,0.0,0.0,14.29,0.0,2.65,23.72
212,23.35,25.04,0.0,0.01,9.26,0.01,20.64,3.19
213,28.85,15.82,0.01,0.01,16.87,0.02,10.29,8.07
214,28.04,9.15,0.0,0.0,16.68,0.0,18.95,4.46
215,25.89,12.73,0.0,0.0,0.98,0.0,22.62,13.88
216,27.21,29.53,0.0,0.0,11.17,0.0,10.38,5.86
217,25.33,18.44,0.01,0.0,0.0,0.0,20.59,13.52
218,19.84,27.21,0.03,0.0,3.58,0.0,25.24,4.13
219,27.44,22.12,5.22,0.01,4.24,0.01,15.94,9.99
220,23.43,48.86,0.49,0.01,8.2,0.01,5.52,6.83
221,30.17,34.59,0.64,0.0,6.42,0.0,8.6,8.24
222,40.37,34.56,1.34,0.01,5.53,0.02,5.36,4.8
223,31.84,18.05,0.02,0.01,9.47,0.02,14.85,9.09
224,24.26,29.8,1.33,0.0,0.0,0.0,12.15,20.48
225,38.57,17.71,0.0,0.0,0.0,0.0,16.71,11.99
226,28.06,40.54,0.0,0.0,2.52,0.0,15.79,3.45
227,32.4,24.4,22.51,0.0,0.0,0.0,7.43,4.03
228,26.86,0.07,38.58,0.0,9.09,0.0,8.75,12.62
229,31.08,37.54,5.2,0.0,0.0,0.0,3.28,9.29
230,33.56,47.73,1.45,0.0,1.79,0.0,5.06,7.36
231,23.5,28.78,0.2,0.0,12.53,1.84,11.69,4.03
232,33.1,17.17,0.0,0.0,0.0,14.04,12.34,12.68
233,24.02,49.98,0.0,0.0,0.0,0.0,9.5,2.94
234,28.31,7.02,0.0,0.0,0.0,11.54,16.76,11.54
235,24.12,22.08,0.0,0.0,0.0,7.14,14.08,14.44
236,30.81,7.31,0.01,0.01,0.01,4.96,18.32,14.65
237,21.29,33.43,0.0,0.0,0.0,0.57,14.82,10.24
238,32.96,20.88,0.0,0.0,0.0,3.4,7.16,16.97
239,31.04,23.62,0.0,0.0,0.0,7.52,15.12,5.6
240,28.57,14.52,0.01,0.01,0.01,9.42,11.41,14.62
241,24.09,14.78,0.0,0.0,0.0,3.14,16.24,20.09
242,36.65,13.01,0.0,0.0,0.0,0.0,16.99,12.12
243,21.41,27.22,0.0,0.0,6.63,0.0,17.22,9.58
244,24.34,29.61,1.42,0.0,0.0,0.0,13.83,12.56
245,35.55,18.76,0.0,0.0,5.91,0.0,16.55,3.72
246,23.94,19.52,0.0,0.0,0.0,0.0,12.49,21.37
247,28.24,1.59,0.0,0.0,9.5,0.0,25.72,14.35
248,33.61,25.8,8.95,0.0,0.0,0.0,8.48,12.66
249,29.16,22.63,0.0,0.0,12.77,0.0,17.42,3.42
250,32.24,32.52,9.72,0.0,0.12,0.0,5.72,10.15
251,30.23,11.14,13.33,0.03,16.93,0.03,9.4,7.75
252,37.32,0.41,30.59,0.02,6.47,0.02,7.12,6.6
253,27.41,4.63,27.4,0.01,7.59,0.01,9.94,9.79
254,29.52,36.5,0.01,0.01,0.1,0.01,7.84,15.31
255,36.23,23.43,3.24,0.0,12.48,0.0,7.97,5.0
256,29.34,20.3,0.0,0.0,12.87,0.0,16.32,7.19
257,32.03,21.06,0.03,0.0,13.82,0.0,10.72,7.13
258,30.75,24.67,0.04,0.0,0.27,0.0,9.94,17.33
259,36.39,9.37,15.33,0.0,8.28,0.0,12.7,8.42
260,33.36,0.0,15.19,0.0,12.13,0.0,9.83,13.73
261,26.58,0.01,36.76,0.01,0.01,0.01,9.72,14.74
262,34.42,0.05,25.38,0.01,12.29,0.01,9.01,5.99
263,25.7,10.3,32.46,0.0,4.84,0.0,9.66,7.3
264,33.39,31.97,0.34,0.0,0.0,0.0,9.53,12.51
265,31.71,20.19,0.0,0.0,0.29,0.0,13.76,18.44
266,38.32,18.62,0.0,0.0,3.84,0.0,9.81,14.38
267,22.91,53.67,0.61,0.0,2.05,0.0,8.56,5.9
268,30.96,28.44,0.0,0.0,0.0,0.0,12.51,14.91
269,31.03,39.79,0.04,0.0,9.36,0.0,5.42,4.53
270,32.86,22.79,0.01,0.0,6.01,0.0,7.2,16.47
271,24.72,25.1,0.0,0.0,13.04,0.0,14.83,8.33
272,29.91,16.57,0.0,0.0,3.24,0.0,20.39,13.86
273,31.58,32.0,0.0,0.0,9.2,0.0,7.21,7.53
274,30.0,36.94,0.29,0.0,0.0,0.0,8.88,11.6
275,27.58,16.82,0.0,0.0,17.76,0.0,19.21,6.37
276,29.31,26.13,6.93,0.02,0.36,0.02,11.55,13.24
277,30.82,8.28,17.45,0.02,14.73,0.02,8.38,8.07
278,31.04,0.04,31.57,0.0,0.0,0.0,8.63,15.09
279,28.44,0.0,27.5,0.0,14.26,0.0,11.01,9.84
280,30.93,0.0,14.39,0.0,15.96,0.0,17.29,5.9
281,24.45,0.0,20.24,0.01,20.55,0.01,11.67,3.65
282,42.31,0.63,22.46,0.0,4.62,0.01,11.9,8.64
283,28.5,0.01,27.75,0.01,3.47,0.01,25.66,4.72
284,30.18,9.3,3.42,0.01,16.27,0.02,10.04,13.85
285,31.33,36.35,0.02,0.01,0.01,0.01,7.57,8.9
286,36.74,24.04,0.01,0.02,0.02,0.02,12.52,17.29
287,30.25,42.88,5.91,0.0,2.03,0.0,8.83,5.57
288,40.12,20.32,3.49,0.0,0.22,0.0,6.75,14.69
289,41.84,33.11,0.0,0.0,1.9,0.0,8.8,4.65
290,31.63,22.31,6.92,0.0,4.88,0.0,10.58,10.38
291,37.3,0.5,23.63,0.0,0.62,0.0,17.94,10.09
292,34.54,0.01,16.47,0.01,10.11,0.01,14.49,8.51
293,27.64,17.93,13.63,0.01,5.04,0.01,7.89,14.21
294,34.91,29.51,6.03,0.0,0.0,0.0,8.14,11.54
295,30.02,0.0,21.35,0.0,15.61,0.0,17.53,3.37
296,38.71,5.75,15.54,0.0,0.0,0.0,10.43,12.04
297,32.24,20.65,0.0,0.0,0.64,0.0,8.34,17.66
298,31.33,23.1,0.01,0.0,3.69,0.0,16.28,6.57
299,30.94,13.25,0.0,0.0,9.4,0.0,18.53,8.18
300,34.27,38.12,0.0,0.0,1.11,0.0,5.97,7.9
301,28.92,25.21,0.0,0.0,2.69,0.0,18.64,7.73
302,27.78,5.44,0.0,0.0,1.18,0.0,21.03,19.48
303,22.6,5.37,0.0,0.0,18.91,0.0,19.39,10.59
304,28.23,8.24,4.68,0.0,13.1,0.0,12.18,11.05
305,28.04,1.18,7.4,0.01,0.94,0.01,15.92,22.63
306,26.63,5.07,11.39,0.01,0.39,0.01,19.71,14.74
307,41.04,0.0,19.82,0.0,7.44,0.0,11.42,5.32
308,30.77,4.51,16.68,0.0,0.68,0.0,17.04,10.73
309,30.77,24.67,0.0,0.0,4.77,0.0,11.88,9.81
310,27.73,20.63,0.17,0.0,16.42,0.0,3.75,12.03
311,20.92,20.4,0.0,0.0,11.72,0.0,20.43,8.26
312,21.56,16.69,0.07,0.0,0.97,0.0,19.68,18.44
313,29.08,14.48,0.0,0.0,5.98,0.0,11.34,19.27
314,36.21,17.38,0.0,0.0,9.57,0.0,5.41,15.27
315,29.45,16.01,0.05,0.0,21.65,0.0,12.52,7.29
316,31.4,28.66,0.0,0.0,8.56,0.0,5.43,12.77
317,28.66,46.47,0.04,0.01,0.88,0.01,7.96,6.31
318,27.59,31.77,0.32,0.0,3.91,0.0,11.77,11.5
319,30.08,4.9,34.15,0.01,3.21,0.01,12.4,5.9
320,26.65,0.06,29.86,0.0,19.17,0.0,2.93,5.37
321,28.36,12.42,34.18,0.0,0.0,0.0,5.36,10.17
322,28.21,14.77,5.3,0.0,9.93,0.0,19.55,5.83
323,25.34,8.86,13.33,0.0,5.51,0.0,23.65,8.59
324,27.82,21.42,19.33,0.0,10.1,0.0,1.71,8.63
325,28.14,8.09,17.01,0.0,1.5,0.0,13.06,17.12
326,30.33,33.56,0.84,0.0,0.43,0.0,7.53,18.07
327,25.79,38.96,0.0,0.0,0.0,0.0,5.47,18.94
328,33.49,39.04,1.81,0.01,0.01,0.01,7.84,7.2
329,31.36,32.85,0.01,0.01,4.45,0.01,18.82,5.27
330,35.64,15.65,5.84,0.03,0.98,0.03,14.56,11.09
331,28.91,12.76,24.88,0.01,9.39,0.01,9.21,10.52
332,30.0,21.52,7.87,0.01,8.19,0.01,11.33,4.81
333,36.91,38.19,0.27,0.01,5.2,0.01,5.89,8.13
334,34.58,21.44,9.58,0.01,0.33,0.01,8.49,9.47
335,31.04,1.05,29.05,0.02,12.58,0.02,5.71,15.78
336,34.8,0.02,21.58,0.02,0.02,0.02,9.82,12.41
337,27.25,22.07,12.21,0.0,3.23,0.0,13.66,16.23
338,33.76,31.8,0.01,0.0,1.75,0.0,5.29,10.61
339,28.66,29.5,0.0,0.0,10.38,0.0,19.48,8.27
340,27.17,20.51,0.0,0.0,10.63,0.0,17.6,0.58
341,27.28,45.9,0.55,0.0,0.0,0.0,13.95,9.19
342,26.74,5.14,27.63,0.0,0.16,0.0,22.87,3.01
343,33.64,0.0,17.73,0.0,5.9,0.0,14.27,15.31
344,31.53,0.0,15.5,0.0,5.25,0.0,9.5,9.74
345,35.63,9.32,8.21,0.0,8.97,0.0,11.29,13.98
346,21.76,9.3,0.0,0.0,0.0,0.0,17.56,18.62
347,29.62,26.06,0.1,0.0,9.74,0.0,4.68,18.12
348,28.4,30.77,0.0,0.0,0.2,0.0,15.09,3.47
349,21.64,21.24,2.33,0.0,9.26,0.0,23.31,7.46
350,16.28,18.08,0.18,0.0,18.84,0.0,14.25,8.35
351,22.49,7.66,0.02,0.02,24.51,0.02,18.63,10.25
352,22.78,21.3,0.02,0.02,7.03,0.02,11.37,12.06
353,24.39,0.01,18.25,0.0,12.35,0.0,15.3,14.73
354,25.4,0.0,27.67,0.0,2.69,0.0,13.13,8.5
355,21.16,0.01,3.62,0.02,9.98,0.02,24.05,16.36
356,28.66,0.01,6.18,0.0,1.8,0.0,19.78,20.18
357,32.9,3.02,0.01,0.01,3.36,0.01,19.1,17.4
358,27.22,8.42,0.01,0.01,3.75,0.01,28.63,7.08
359,26.68,21.86,0.0,0.0,1.76,0.0,15.71,14.09
360,21.55,0.13,0.01,0.01,3.25,0.01,32.2,14.52
361,43.59,26.76,0.0,0.0,0.31,0.0,13.86,2.0
362,31.52,24.26,0.51,0.0,0.0,0.0,10.79,13.55
363,28.66,17.51,0.07,0.0,0.0,0.0,11.33,23.72
364,29.71,7.31,0.0,0.0,13.2,0.0,12.64,12.95
365,24.09,15.38,0.02,0.0,9.12,0.0,14.64,12.99
366,27.71,25.77,0.37,0.0,14.69,0.0,3.53,9.81
367,22.89,27.51,0.0,0.0,10.68,0.0,14.17,7.45
368,17.77,10.84,0.0,0.0,15.42,0.0,11.5,16.96
369,19.53,35.3,0.0,0.0,4.81,0.0,19.6,3.75
370,34.96,2.69,0.01,0.02,0.02,0.02,23.02,14.89
371,36.81,30.29,0.01,0.01,0.02,0.02,16.22,3.72
372,20.67,14.12,0.0,0.0,14.88,0.0,16.02,10.55
